<?xml version="1.0" encoding="UTF-8" standalone="yes"?>
<ns2:topic xmlns:ns2="http://schema/" topicid="63743233">
    <topicname>World</topicname>
    <news newsid="63744106">
        <title>Hong Kong's leader: Street blockades cannot continue</title>
        <url>/2014/10/16/world/asia/hong-kong-police-protest/index.html?hpt=wo_c2</url>
        <highlights>NEW: Hong Kong's leader CY Leung says government open to talks</highlights>
        <highlights>Tells press conference that tolerance of mass occupation was limited</highlights>
        <highlights>He said police had shown tolerance and restraint, despite accusations of excessive force</highlights>
        <highlights>Asia's richest man urges protesters to go home</highlights>
        <date>2014-10-16T11:07:00.000+01:00</date>
        <author>By Hilary Whiteman, CNN</author>
        <content>&lt;p&gt;Hong Kong (CNN) -- Hong Kong's leader made it clear on Thursday the pro-democracy protests which have clogged main thoroughfares in the city for almost three weeks cannot continue.&lt;/p&gt;&lt;p&gt;C.Y. Leung told a live press conference on local television that the government was eager to resume talks with the main student group -- the Hong Kong Federation of Students -- as early as next week.&lt;/p&gt;&lt;p&gt;However, he said city's tolerance of mass sit-ins was limited, and that some members of the public were "very discontent."&lt;/p&gt;&lt;p&gt;"We do not want to see anyone, including students, continuing to occupy the roads for a long time and creating conflict with the public who are disgruntled. We don't want to see clashes," he said.&lt;/p&gt;&lt;p&gt;"We cannot allow the situation to continue to have an adverse impact on Hong Kong society."&lt;/p&gt;&lt;p&gt;READ MORE: The end of trust?&lt;/p&gt;&lt;p&gt;Growing discontent&lt;/p&gt;&lt;p&gt;At times during the near three-week protest, police have been forced to separate protesters from anti-protest groups intent on tearing down makeshift barricades blocking main roads.&lt;/p&gt;&lt;p&gt;Taxi drivers and business owners have complained that the protests have cost them income -- at one stage early in the protest, a man threatened to jump off a bridge because his child's school had been closed for days.&lt;/p&gt;&lt;p&gt;The protests, which began in late September, have caused severe disruption in the city, impeding access to the city's financial district, forcing the cancellation and re-routing of tram and bus services and putting pressure on the local underground rail network.&lt;/p&gt;&lt;p&gt;At the peak of the protest in early October, tens of thousands of people came onto the streets at three locations in Hong Kong -- Admiralty, Causeway Bay and Mong Kok -- waving cell phones in unison as they called for universal suffrage.&lt;/p&gt;&lt;p&gt;However, in recent days numbers have dwindled.&lt;/p&gt;&lt;p&gt;The government and protesters had planned to start talks last Friday, but the government pulled out after protesters urged supporters to keep up the blockade.&lt;/p&gt;&lt;p&gt;Protest groups then accused the government of not being "sincere" in its offer, and issued another call for reinforcements.&lt;/p&gt;&lt;p&gt;What protesters want&lt;/p&gt;&lt;p&gt;Protesters want to be able to nominate candidates for the election of the city's chief executive in 2017. Instead, China's National People's Congress (NPC) has said they'll be able to vote from a shortlist approved by Beijing.&lt;/p&gt;&lt;p&gt;Leung said on Thursday that there is no way Bejing would retract its decision. "We have to implement the 2017 election of the chief executive within the framework set by the NPC," he said.&lt;/p&gt;&lt;p&gt;He said the move to give each Hongkonger a vote was a "big breakthrough, a big step." Currently the chief executive is elected by a specially-appointed 1,200 member election committee.&lt;/p&gt;&lt;p&gt;"I know some people including students feel we can be more ambitious but that's not in accordance with the Basic Law," he said, referring to Hong Kong's mini constitution.&lt;/p&gt;&lt;p&gt;Claims of police brutality&lt;/p&gt;&lt;p&gt;On Wednesday, the occasional scuffle between police and protesters took a darker turn with the release of a video which appeared to show several police officers beating up a detained protester.&lt;/p&gt;&lt;p&gt;Hong Kong police have vowed to conduct a full and impartial investigation, and the officers concerned have been temporarily relieved of their duties.&lt;/p&gt;&lt;p&gt;Leung said on the whole officers had shown tolerance and restraint during a period of "great stress."&lt;/p&gt;&lt;p&gt;The alleged beating victim, Ken Tsang, a social worker in his 30s, lifted his t-shirt to show local media bruising and scratches to his back and chest as he left a police station late Wednesday night.&lt;/p&gt;&lt;p&gt;Reading from a prepared statement, he said: "You should have seen the TV footage of a number of police officers brutally assaulting me. I was... utterly defenseless," he said, according to the South China Morning Post. He said he planned to take legal action.&lt;/p&gt;&lt;p&gt;Tsang's lawyer Dennis Kwok told CNN his client was already cuffed when six or seven officers carried him to a dark corner and started kicking and punching him. "It was unprovoked and unnecessary for anyone to use that kind of violence on an arrested person," Kwok said.&lt;/p&gt;&lt;p&gt;Turf battles&lt;/p&gt;&lt;p&gt;For the second straight night on Wednesday, officers and protesters clashed on Lung Wo road, which runs past the central government offices in the Admiralty district of Hong Kong, near the main protest site.&lt;/p&gt;&lt;p&gt;Police said they fired pepper spray but only after protesters ignored warnings and tried to charge them. The melee followed the arrest of a 38-year-old man for disorderly conduct after he kicked a bottle into the path of a moving car, police said.&lt;/p&gt;&lt;p&gt;The road has been the center of a turf battle between police and protesters, who have been trying to rebuild barricades torn down in previous attempts to clear the way for traffic.&lt;/p&gt;&lt;p&gt;Li Ka-shing: Go home&lt;/p&gt;&lt;p&gt;On Wednesday, Asia's richest man, Li Ka-shing, waded into the debate, releasing a statement urging the protesters to go home.&lt;/p&gt;&lt;p&gt;"We can all understand the passion of the students. However 'pursuit' must be navigated with wisdom, all people should observe the rule of law -- Hong Kong Police Force has always been guarding law and order, and the damage of rule of law will be the gravest grief for Hong Kong."&lt;/p&gt;&lt;p&gt;Addressing them as "young friends," he said the protesters' message had been heard.&lt;/p&gt;&lt;p&gt;"I sincerely appeal to all of you not to be emotional, I ask you not to let today's passion become tomorrow's regret, I plead that you immediately return to the side of your family members."&lt;/p&gt;&lt;p&gt;CNN's Elizabeth Joseph, Jonathan Stayton and Chieu Luu contributed to this report.&lt;/p&gt;</content>
        <photos>http://i2.cdn.turner.com/cnn/dam/assets/141016162308-cy-leung-press-conference-thursday-horizontal-gallery.jpg</photos>
        <photos>http://i2.cdn.turner.com/cnn/dam/assets/141015110316-hong-kong-ken-tsang-horizontal-gallery.jpg</photos>
        <photos>http://i2.cdn.turner.com/cnn/dam/assets/141015091116-02-hong-kong-1015-horizontal-gallery.jpg</photos>
        <photos>http://i2.cdn.turner.com/cnn/dam/assets/141015091221-03-hong-kong-1015-horizontal-gallery.jpg</photos>
        <photos>http://i2.cdn.turner.com/cnn/dam/assets/141015091314-04-hong-kong-1015-horizontal-gallery.jpg</photos>
        <photos>http://i2.cdn.turner.com/cnn/dam/assets/141015091427-05-hong-kong-1015-horizontal-gallery.jpg</photos>
        <photos>http://i2.cdn.turner.com/cnn/dam/assets/141015091551-06-hong-kong-1015-horizontal-gallery.jpg</photos>
        <photos>http://i2.cdn.turner.com/cnn/dam/assets/141015090921-01-hong-kong-1015-horizontal-gallery.jpg</photos>
        <photos>http://i2.cdn.turner.com/cnn/dam/assets/141014070301-01-hong-kong-1014-horizontal-gallery.jpg</photos>
        <photos>http://i2.cdn.turner.com/cnn/dam/assets/141014070425-02-hong-kong-1014-horizontal-gallery.jpg</photos>
        <photos>http://i2.cdn.turner.com/cnn/dam/assets/141014071058-06-hong-kong-1014-horizontal-gallery.jpg</photos>
        <photos>http://i2.cdn.turner.com/cnn/dam/assets/141014070600-03-hong-kong-1014-horizontal-gallery.jpg</photos>
        <photos>http://i2.cdn.turner.com/cnn/dam/assets/141014070743-04-hong-kong-1014-horizontal-gallery.jpg</photos>
        <photos>http://i2.cdn.turner.com/cnn/dam/assets/141014070846-05-hong-kong-1014-horizontal-gallery.jpg</photos>
        <photos>http://i2.cdn.turner.com/cnn/dam/assets/141013065901-01-hong-kong-1013-horizontal-gallery.jpg</photos>
        <photos>http://i2.cdn.turner.com/cnn/dam/assets/141013070039-02-hong-kong-1013-horizontal-gallery.jpg</photos>
        <photos>http://i2.cdn.turner.com/cnn/dam/assets/141013070147-03-hong-kong-1013-horizontal-gallery.jpg</photos>
        <photos>http://i2.cdn.turner.com/cnn/dam/assets/141013070309-04-hong-kong-1013-horizontal-gallery.jpg</photos>
        <photos>http://i2.cdn.turner.com/cnn/dam/assets/141013070358-05-hong-kong-1013-horizontal-gallery.jpg</photos>
        <photos>http://i2.cdn.turner.com/cnn/dam/assets/141013070637-06-hong-kong-1013-horizontal-gallery.jpg</photos>
        <photos>http://i2.cdn.turner.com/cnn/dam/assets/141013154102-hong-kong-taxi-protest-horizontal-gallery.jpg</photos>
        <photos>http://i2.cdn.turner.com/cnn/dam/assets/141012114111-hong-kong-unrest-1011-horizontal-gallery.jpg</photos>
        <photos>http://i2.cdn.turner.com/cnn/dam/assets/141010103143-hk-protest-oct-9-horizontal-gallery.jpg</photos>
        <photos>http://i2.cdn.turner.com/cnn/dam/assets/141010102636-hong-kong-taxi-protest-horizontal-gallery.jpg</photos>
        <photos>http://i2.cdn.turner.com/cnn/dam/assets/141010102431-hong-kong-woman-soda-oct-9-horizontal-gallery.jpg</photos>
        <photos>http://i2.cdn.turner.com/cnn/dam/assets/141008070042-01-hong-kong-1008-horizontal-gallery.jpg</photos>
        <photos>http://i2.cdn.turner.com/cnn/dam/assets/141007072142-02-hong-kong-1007-horizontal-gallery.jpg</photos>
        <photos>http://i2.cdn.turner.com/cnn/dam/assets/141007072025-01-hong-kong-1007-horizontal-gallery.jpg</photos>
        <photos>http://i2.cdn.turner.com/cnn/dam/assets/141007072352-03-hong-kong-1007-horizontal-gallery.jpg</photos>
        <photos>http://i2.cdn.turner.com/cnn/dam/assets/141006064823-01-hong-kong-1006-horizontal-gallery.jpg</photos>
        <photos>http://i2.cdn.turner.com/cnn/dam/assets/141006113347-hong-kong-protesters-sleep-6-10-horizontal-gallery.jpg</photos>
        <photos>http://i2.cdn.turner.com/cnn/dam/assets/141006064959-02-hong-kong-1006-horizontal-gallery.jpg</photos>
        <photos>http://i2.cdn.turner.com/cnn/dam/assets/141006114404-hong-kong-umbrella-man-horizontal-gallery.jpeg</photos>
        <photos>http://i2.cdn.turner.com/cnn/dam/assets/141006065301-03-hong-kong-1006-horizontal-gallery.jpg</photos>
        <photos>http://i2.cdn.turner.com/cnn/dam/assets/141005115937-01-hk-1005-horizontal-gallery.jpg</photos>
        <photos>http://i2.cdn.turner.com/cnn/dam/assets/141005120940-02-hk-1005-horizontal-gallery.jpg</photos>
        <photos>http://i2.cdn.turner.com/cnn/dam/assets/141005121045-03-hk-1005-horizontal-gallery.jpg</photos>
        <photos>http://i2.cdn.turner.com/cnn/dam/assets/141005121208-04-hk-1005-horizontal-gallery.jpg</photos>
        <photos>http://i2.cdn.turner.com/cnn/dam/assets/141004115743-05-hk-1004-horizontal-gallery.jpg</photos>
        <photos>http://i2.cdn.turner.com/cnn/dam/assets/141004115858-06-hk-1004-horizontal-gallery.jpg</photos>
        <photos>http://i2.cdn.turner.com/cnn/dam/assets/141004115352-01-hk-1004-horizontal-gallery.jpg</photos>
        <photos>http://i2.cdn.turner.com/cnn/dam/assets/141004115501-02-hk-1004-horizontal-gallery.jpg</photos>
        <photos>http://i2.cdn.turner.com/cnn/dam/assets/141004115551-03-hk-1004-horizontal-gallery.jpg</photos>
        <photos>http://i2.cdn.turner.com/cnn/dam/assets/141004115644-04-hk-1004-horizontal-gallery.jpg</photos>
        <photos>http://i2.cdn.turner.com/cnn/dam/assets/141004174924-08-hong-kong-1003-horizontal-gallery.jpg</photos>
        <photos>http://i2.cdn.turner.com/cnn/dam/assets/141003070346-01-hong-kong-1003-horizontal-gallery.jpg</photos>
        <photos>http://i2.cdn.turner.com/cnn/dam/assets/141003070524-02-hong-kong-1003-horizontal-gallery.jpg</photos>
        <photos>http://i2.cdn.turner.com/cnn/dam/assets/141003070737-04-hong-kong-1003-horizontal-gallery.jpg</photos>
        <photos>http://i2.cdn.turner.com/cnn/dam/assets/141003071125-05-hong-kong-1003-horizontal-gallery.jpg</photos>
        <photos>http://i2.cdn.turner.com/cnn/dam/assets/141003071243-06-hong-kong-1003-horizontal-gallery.jpg</photos>
        <photos>http://i2.cdn.turner.com/cnn/dam/assets/141002065323-01-hong-kong-1002-horizontal-gallery.jpg</photos>
        <photos>http://i2.cdn.turner.com/cnn/dam/assets/141002065437-02-hong-kong-1002-horizontal-gallery.jpg</photos>
        <photos>http://i2.cdn.turner.com/cnn/dam/assets/141002065558-03-hong-kong-1002-horizontal-gallery.jpg</photos>
        <photos>http://i2.cdn.turner.com/cnn/dam/assets/141002065709-04-hong-kong-1002-horizontal-gallery.jpg</photos>
        <photos>http://i2.cdn.turner.com/cnn/dam/assets/141001073003-03-hong-kong-1001-horizontal-gallery.jpg</photos>
        <photos>http://i2.cdn.turner.com/cnn/dam/assets/141001072505-01-hong-kong-1001-horizontal-gallery.jpg</photos>
        <photos>http://i2.cdn.turner.com/cnn/dam/assets/141002091152-hong-kong-leung-flag-raising-horizontal-gallery.jpg</photos>
        <photos>http://i2.cdn.turner.com/cnn/dam/assets/141002100108-hong-kong-activist-horizontal-gallery.jpg</photos>
        <photos>http://i2.cdn.turner.com/cnn/dam/assets/141001072754-restricted-02-hong-kong-1001-horizontal-gallery.jpg</photos>
        <photos>http://i2.cdn.turner.com/cnn/dam/assets/140930133833-11-hong-kong-0930-horizontal-gallery.jpg</photos>
        <photos>http://i2.cdn.turner.com/cnn/dam/assets/140930094414-09-hong-kong-0930-horizontal-gallery.jpg</photos>
        <photos>http://i2.cdn.turner.com/cnn/dam/assets/140930090945-08-hong-kong-0930-horizontal-gallery.jpg</photos>
        <photos>http://i2.cdn.turner.com/cnn/dam/assets/140930065940-01-hong-kong-0930-horizontal-gallery.jpg</photos>
        <photos>http://i2.cdn.turner.com/cnn/dam/assets/140930024953-hk-bus-sign-horizontal-gallery.jpg</photos>
        <photos>http://i2.cdn.turner.com/cnn/dam/assets/140930071951-06-hong-kong-0930-horizontal-gallery.jpg</photos>
        <photos>http://i2.cdn.turner.com/cnn/dam/assets/140930070148-02-hong-kong-0930-horizontal-gallery.jpg</photos>
        <photos>http://i2.cdn.turner.com/cnn/dam/assets/140930070251-03-hong-kong-0930-horizontal-gallery.jpg</photos>
        <photos>http://i2.cdn.turner.com/cnn/dam/assets/140930070346-04-hong-kong-0930-horizontal-gallery.jpg</photos>
        <photos>http://i2.cdn.turner.com/cnn/dam/assets/140929141756-10-hong-kong-0929-horizontal-gallery.jpg</photos>
        <photos>http://i2.cdn.turner.com/cnn/dam/assets/140929071215-01-hong-kong-0929-horizontal-gallery.jpg</photos>
        <photos>http://i2.cdn.turner.com/cnn/dam/assets/140929071428-02-hong-kong-0929-horizontal-gallery.jpg</photos>
        <photos>http://i2.cdn.turner.com/cnn/dam/assets/140929104600-hong-kong-monday-3-horizontal-gallery.jpg</photos>
        <photos>http://i2.cdn.turner.com/cnn/dam/assets/140929090848-07-hong-kong-0929-horizontal-gallery.jpg</photos>
        <photos>http://i2.cdn.turner.com/cnn/dam/assets/140929104107-hong-kong-monday-1-horizontal-gallery.jpg</photos>
        <photos>http://i2.cdn.turner.com/cnn/dam/assets/140929171430-13-hong-kong-0929-horizontal-gallery.jpg</photos>
        <photos>http://i2.cdn.turner.com/cnn/dam/assets/140929155429-12-hong-kong-0929-horizontal-gallery.jpg</photos>
        <photos>http://i2.cdn.turner.com/cnn/dam/assets/140929090641-upside-down-chinese-flag-hong-kong-horizontal-gallery.jpg</photos>
        <photos>http://i2.cdn.turner.com/cnn/dam/assets/140929071637-04-hong-kong-0929-horizontal-gallery.jpg</photos>
        <photos>http://i2.cdn.turner.com/cnn/dam/assets/140928142408-hong-kong-running-horizontal-gallery.jpg</photos>
        <photos>http://i2.cdn.turner.com/cnn/dam/assets/140928143006-hong-kong-gas-tears-horizontal-gallery.jpg</photos>
        <photos>http://i2.cdn.turner.com/cnn/dam/assets/140928183346-hong-kong-protests-sept-28-08-horizontal-gallery.jpg</photos>
        <photos>http://i2.cdn.turner.com/cnn/dam/assets/140928110447-hong-kong-umbrellas-police-horizontal-gallery.jpg</photos>
        <photos>http://i2.cdn.turner.com/cnn/dam/assets/140928163939-hong-kong-protests-sept-28-07-horizontal-gallery.jpg</photos>
        <photos>http://i2.cdn.turner.com/cnn/dam/assets/140928163747-hong-kong-protests-sept-28-06-horizontal-gallery.jpg</photos>
        <photos>http://i2.cdn.turner.com/cnn/dam/assets/140928163233-hong-kong-protests-sept-28-05-horizontal-gallery.jpg</photos>
        <photos>http://i2.cdn.turner.com/cnn/dam/assets/140928161718-hong-kong-protests-sept-28-04-horizontal-gallery.jpg</photos>
        <photos>http://i2.cdn.turner.com/cnn/dam/assets/140929090716-06-hong-kong-0929-horizontal-gallery.jpg</photos>
        <photos>http://i2.cdn.turner.com/cnn/dam/assets/140928111303-hong-kong-protests-28-sept-01-horizontal-gallery.jpg</photos>
        <photos>http://i2.cdn.turner.com/cnn/dam/assets/140928111421-hong-kong-protests-28-sept-02-horizontal-gallery.jpg</photos>
        <photos>http://i2.cdn.turner.com/cnn/dam/assets/140927164715-hong-kong-protests-2-horizontal-gallery.jpg</photos>
        <photos>http://i2.cdn.turner.com/cnn/dam/assets/140929071754-05-hong-kong-0929-horizontal-gallery.jpg</photos>
        <photos>http://i2.cdn.turner.com/cnn/dam/assets/140927165307-hong-kong-protests-4-horizontal-gallery.jpg</photos>
        <photos>http://i2.cdn.turner.com/cnn/dam/assets/140926102220-hong-kong-students-march-horizontal-gallery.jpg</photos>
        <photos>http://i2.cdn.turner.com/cnn/dam/assets/141016162308-cy-leung-press-conference-thursday-topics.jpg</photos>
        <photos>http://i2.cdn.turner.com/cnn/dam/assets/141015110316-hong-kong-ken-tsang-topics.jpg</photos>
        <photos>http://i2.cdn.turner.com/cnn/dam/assets/141015091116-02-hong-kong-1015-topics.jpg</photos>
        <photos>http://i2.cdn.turner.com/cnn/dam/assets/141015091221-03-hong-kong-1015-topics.jpg</photos>
        <photos>http://i2.cdn.turner.com/cnn/dam/assets/141015091314-04-hong-kong-1015-topics.jpg</photos>
        <photos>http://i2.cdn.turner.com/cnn/dam/assets/141015091427-05-hong-kong-1015-topics.jpg</photos>
        <photos>http://i2.cdn.turner.com/cnn/dam/assets/141015091551-06-hong-kong-1015-topics.jpg</photos>
        <photos>http://i2.cdn.turner.com/cnn/dam/assets/141015090921-01-hong-kong-1015-topics.jpg</photos>
        <photos>http://i2.cdn.turner.com/cnn/dam/assets/141014070301-01-hong-kong-1014-topics.jpg</photos>
        <photos>http://i2.cdn.turner.com/cnn/dam/assets/141014070425-02-hong-kong-1014-topics.jpg</photos>
        <photos>http://i2.cdn.turner.com/cnn/dam/assets/141014071058-06-hong-kong-1014-topics.jpg</photos>
        <photos>http://i2.cdn.turner.com/cnn/dam/assets/141014070600-03-hong-kong-1014-topics.jpg</photos>
        <photos>http://i2.cdn.turner.com/cnn/dam/assets/141014070743-04-hong-kong-1014-topics.jpg</photos>
        <photos>http://i2.cdn.turner.com/cnn/dam/assets/141014070846-05-hong-kong-1014-topics.jpg</photos>
        <photos>http://i2.cdn.turner.com/cnn/dam/assets/141013065901-01-hong-kong-1013-topics.jpg</photos>
        <photos>http://i2.cdn.turner.com/cnn/dam/assets/141013070039-02-hong-kong-1013-topics.jpg</photos>
        <photos>http://i2.cdn.turner.com/cnn/dam/assets/141013070147-03-hong-kong-1013-topics.jpg</photos>
        <photos>http://i2.cdn.turner.com/cnn/dam/assets/141013070309-04-hong-kong-1013-topics.jpg</photos>
        <photos>http://i2.cdn.turner.com/cnn/dam/assets/141013070358-05-hong-kong-1013-topics.jpg</photos>
        <photos>http://i2.cdn.turner.com/cnn/dam/assets/141013070637-06-hong-kong-1013-topics.jpg</photos>
        <photos>http://i2.cdn.turner.com/cnn/dam/assets/141013154102-hong-kong-taxi-protest-topics.jpg</photos>
        <photos>http://i2.cdn.turner.com/cnn/dam/assets/141012114111-hong-kong-unrest-1011-topics.jpg</photos>
        <photos>http://i2.cdn.turner.com/cnn/dam/assets/141010103143-hk-protest-oct-9-topics.jpg</photos>
        <photos>http://i2.cdn.turner.com/cnn/dam/assets/141010102636-hong-kong-taxi-protest-topics.jpg</photos>
        <photos>http://i2.cdn.turner.com/cnn/dam/assets/141010102431-hong-kong-woman-soda-oct-9-topics.jpg</photos>
        <photos>http://i2.cdn.turner.com/cnn/dam/assets/141008070042-01-hong-kong-1008-topics.jpg</photos>
        <photos>http://i2.cdn.turner.com/cnn/dam/assets/141007072142-02-hong-kong-1007-topics.jpg</photos>
        <photos>http://i2.cdn.turner.com/cnn/dam/assets/141007072025-01-hong-kong-1007-topics.jpg</photos>
        <photos>http://i2.cdn.turner.com/cnn/dam/assets/141007072352-03-hong-kong-1007-topics.jpg</photos>
        <photos>http://i2.cdn.turner.com/cnn/dam/assets/141006064823-01-hong-kong-1006-topics.jpg</photos>
        <photos>http://i2.cdn.turner.com/cnn/dam/assets/141006113347-hong-kong-protesters-sleep-6-10-topics.jpg</photos>
        <photos>http://i2.cdn.turner.com/cnn/dam/assets/141006064959-02-hong-kong-1006-topics.jpg</photos>
        <photos>http://i2.cdn.turner.com/cnn/dam/assets/141006114404-hong-kong-umbrella-man-topics.jpeg</photos>
        <photos>http://i2.cdn.turner.com/cnn/dam/assets/141006065301-03-hong-kong-1006-topics.jpg</photos>
        <photos>http://i2.cdn.turner.com/cnn/dam/assets/141005115937-01-hk-1005-topics.jpg</photos>
        <photos>http://i2.cdn.turner.com/cnn/dam/assets/141005120940-02-hk-1005-topics.jpg</photos>
        <photos>http://i2.cdn.turner.com/cnn/dam/assets/141005121045-03-hk-1005-topics.jpg</photos>
        <photos>http://i2.cdn.turner.com/cnn/dam/assets/141005121208-04-hk-1005-topics.jpg</photos>
        <photos>http://i2.cdn.turner.com/cnn/dam/assets/141004115743-05-hk-1004-topics.jpg</photos>
        <photos>http://i2.cdn.turner.com/cnn/dam/assets/141004115858-06-hk-1004-topics.jpg</photos>
        <photos>http://i2.cdn.turner.com/cnn/dam/assets/141004115352-01-hk-1004-topics.jpg</photos>
        <photos>http://i2.cdn.turner.com/cnn/dam/assets/141004115501-02-hk-1004-topics.jpg</photos>
        <photos>http://i2.cdn.turner.com/cnn/dam/assets/141004115551-03-hk-1004-topics.jpg</photos>
        <photos>http://i2.cdn.turner.com/cnn/dam/assets/141004115644-04-hk-1004-topics.jpg</photos>
        <photos>http://i2.cdn.turner.com/cnn/dam/assets/141004174924-08-hong-kong-1003-topics.jpg</photos>
        <photos>http://i2.cdn.turner.com/cnn/dam/assets/141003070346-01-hong-kong-1003-topics.jpg</photos>
        <photos>http://i2.cdn.turner.com/cnn/dam/assets/141003070524-02-hong-kong-1003-topics.jpg</photos>
        <photos>http://i2.cdn.turner.com/cnn/dam/assets/141003070737-04-hong-kong-1003-topics.jpg</photos>
        <photos>http://i2.cdn.turner.com/cnn/dam/assets/141003071125-05-hong-kong-1003-topics.jpg</photos>
        <photos>http://i2.cdn.turner.com/cnn/dam/assets/141003071243-06-hong-kong-1003-topics.jpg</photos>
        <photos>http://i2.cdn.turner.com/cnn/dam/assets/141002065323-01-hong-kong-1002-topics.jpg</photos>
        <photos>http://i2.cdn.turner.com/cnn/dam/assets/141002065437-02-hong-kong-1002-topics.jpg</photos>
        <photos>http://i2.cdn.turner.com/cnn/dam/assets/141002065558-03-hong-kong-1002-topics.jpg</photos>
        <photos>http://i2.cdn.turner.com/cnn/dam/assets/141002065709-04-hong-kong-1002-topics.jpg</photos>
        <photos>http://i2.cdn.turner.com/cnn/dam/assets/141001073003-03-hong-kong-1001-topics.jpg</photos>
        <photos>http://i2.cdn.turner.com/cnn/dam/assets/141001072505-01-hong-kong-1001-topics.jpg</photos>
        <photos>http://i2.cdn.turner.com/cnn/dam/assets/141002091152-hong-kong-leung-flag-raising-topics.jpg</photos>
        <photos>http://i2.cdn.turner.com/cnn/dam/assets/141002100108-hong-kong-activist-topics.jpg</photos>
        <photos>http://i2.cdn.turner.com/cnn/dam/assets/141001072754-restricted-02-hong-kong-1001-topics.jpg</photos>
        <photos>http://i2.cdn.turner.com/cnn/dam/assets/140930133833-11-hong-kong-0930-topics.jpg</photos>
        <photos>http://i2.cdn.turner.com/cnn/dam/assets/140930094414-09-hong-kong-0930-topics.jpg</photos>
        <photos>http://i2.cdn.turner.com/cnn/dam/assets/140930090945-08-hong-kong-0930-topics.jpg</photos>
        <photos>http://i2.cdn.turner.com/cnn/dam/assets/140930065940-01-hong-kong-0930-topics.jpg</photos>
        <photos>http://i2.cdn.turner.com/cnn/dam/assets/140930024953-hk-bus-sign-topics.jpg</photos>
        <photos>http://i2.cdn.turner.com/cnn/dam/assets/140930071951-06-hong-kong-0930-topics.jpg</photos>
        <photos>http://i2.cdn.turner.com/cnn/dam/assets/140930070148-02-hong-kong-0930-topics.jpg</photos>
        <photos>http://i2.cdn.turner.com/cnn/dam/assets/140930070251-03-hong-kong-0930-topics.jpg</photos>
        <photos>http://i2.cdn.turner.com/cnn/dam/assets/140930070346-04-hong-kong-0930-topics.jpg</photos>
        <photos>http://i2.cdn.turner.com/cnn/dam/assets/140929141756-10-hong-kong-0929-topics.jpg</photos>
        <photos>http://i2.cdn.turner.com/cnn/dam/assets/140929071215-01-hong-kong-0929-topics.jpg</photos>
        <photos>http://i2.cdn.turner.com/cnn/dam/assets/140929071428-02-hong-kong-0929-topics.jpg</photos>
        <photos>http://i2.cdn.turner.com/cnn/dam/assets/140929104600-hong-kong-monday-3-topics.jpg</photos>
        <photos>http://i2.cdn.turner.com/cnn/dam/assets/140929090848-07-hong-kong-0929-topics.jpg</photos>
        <photos>http://i2.cdn.turner.com/cnn/dam/assets/140929104107-hong-kong-monday-1-topics.jpg</photos>
        <photos>http://i2.cdn.turner.com/cnn/dam/assets/140929171430-13-hong-kong-0929-topics.jpg</photos>
        <photos>http://i2.cdn.turner.com/cnn/dam/assets/140929155429-12-hong-kong-0929-topics.jpg</photos>
        <photos>http://i2.cdn.turner.com/cnn/dam/assets/140929090641-upside-down-chinese-flag-hong-kong-topics.jpg</photos>
        <photos>http://i2.cdn.turner.com/cnn/dam/assets/140929071637-04-hong-kong-0929-topics.jpg</photos>
        <photos>http://i2.cdn.turner.com/cnn/dam/assets/140928142408-hong-kong-running-topics.jpg</photos>
        <photos>http://i2.cdn.turner.com/cnn/dam/assets/140928143006-hong-kong-gas-tears-topics.jpg</photos>
        <photos>http://i2.cdn.turner.com/cnn/dam/assets/140928183346-hong-kong-protests-sept-28-08-topics.jpg</photos>
        <photos>http://i2.cdn.turner.com/cnn/dam/assets/140928110447-hong-kong-umbrellas-police-topics.jpg</photos>
        <photos>http://i2.cdn.turner.com/cnn/dam/assets/140928163939-hong-kong-protests-sept-28-07-topics.jpg</photos>
        <photos>http://i2.cdn.turner.com/cnn/dam/assets/140928163747-hong-kong-protests-sept-28-06-topics.jpg</photos>
        <photos>http://i2.cdn.turner.com/cnn/dam/assets/140928163233-hong-kong-protests-sept-28-05-topics.jpg</photos>
        <photos>http://i2.cdn.turner.com/cnn/dam/assets/140928161718-hong-kong-protests-sept-28-04-topics.jpg</photos>
        <photos>http://i2.cdn.turner.com/cnn/dam/assets/140929090716-06-hong-kong-0929-topics.jpg</photos>
        <photos>http://i2.cdn.turner.com/cnn/dam/assets/140928111303-hong-kong-protests-28-sept-01-topics.jpg</photos>
        <photos>http://i2.cdn.turner.com/cnn/dam/assets/140928111421-hong-kong-protests-28-sept-02-topics.jpg</photos>
        <photos>http://i2.cdn.turner.com/cnn/dam/assets/140927164715-hong-kong-protests-2-topics.jpg</photos>
        <photos>http://i2.cdn.turner.com/cnn/dam/assets/140929071754-05-hong-kong-0929-topics.jpg</photos>
        <photos>http://i2.cdn.turner.com/cnn/dam/assets/140927165307-hong-kong-protests-4-topics.jpg</photos>
        <photos>http://i2.cdn.turner.com/cnn/dam/assets/140926102220-hong-kong-students-march-topics.jpg</photos>
        <photos>http://i2.cdn.turner.com/cnn/dam/assets/141016162308-cy-leung-press-conference-thursday-horizontal-gallery.jpg</photos>
        <photos>http://i2.cdn.turner.com/cnn/dam/assets/141015091116-02-hong-kong-1015-story-body.jpg</photos>
        <photos>http://i2.cdn.turner.com/cnn/dam/assets/141014115832-natsot-hong-kong-artistic-protests-00002106-story-body.jpg</photos>
        <photos>http://i2.cdn.turner.com/cnn/dam/assets/141015112528-pkg-tank-hong-kong-protester-alleged-beaten-00001207-story-body.jpg</photos>
        <photos>http://i2.cdn.turner.com/cnn/dam/assets/140929163233-orig-jag-hk-photo-2-story-body.jpg</photos>
        <photos>http://i2.cdn.turner.com/cnn/dam/assets/141014105709-pkg-stout-hong-kong-barricades-removed-00001607-story-body.jpg</photos>
        <photos>http://i2.cdn.turner.com/cnn/dam/assets/141013070358-05-hong-kong-1013-story-body.jpg</photos>
        <photos>http://i2.cdn.turner.com/cnn/dam/assets/141015113623-ken-tsang-left-tease.jpg</photos>
        <photos>http://i2.cdn.turner.com/cnn/dam/assets/141015115640-ken-tsang-back-left-tease.jpg</photos>
        <photos>http://i2.cdn.turner.com/cnn/dam/assets/141015110316-hong-kong-ken-tsang-video-tease.jpg</photos>
        <photos>http://i2.cdn.turner.com/cnn/dam/assets/141014183108-hong-kong-pepper-spray---s038615758-video-tease.jpg</photos>
        <photos>http://i2.cdn.turner.com/cnn/dam/assets/141007133500-cy-leung-joshua-wong-split-video-tease.png</photos>
        <photos>http://i2.cdn.turner.com/cnn/dam/assets/141013070358-05-hong-kong-1013-video-tease.jpg</photos>
        <photos>http://i2.cdn.turner.com/cnn/dam/assets/141002211347-cy-leung-video-tease.jpg</photos>
        <photos>http://i2.cdn.turner.com/cnn/dam/assets/141008153840-hong-kong-umbrella-man-video-tease.jpg</photos>
        <photos>http://i2.cdn.turner.com/cnn/dam/assets/141008085357-pkg-stevens-hong-kong-anaconda-strategy-00025001-video-tease.jpg</photos>
        <photos>http://i2.cdn.turner.com/cnn/dam/assets/141004115644-04-hk-1004-video-tease.jpg</photos>
        <photos>http://i2.cdn.turner.com/cnn/dam/assets/141007103528-china-news-stand-video-tease.jpg</photos>
        <photos>http://i2.cdn.turner.com/cnn/dam/assets/141007123158-4-hk-police-video-tease.jpg</photos>
        <photos>http://i2.cdn.turner.com/cnn/dam/assets/141005000425-natpkg-hong-kong-protests-10-04-14-00005718-video-tease.jpg</photos>
        <photos>http://i2.cdn.turner.com/cnn/dam/assets/141002173551-hong-kong-leung-video-tease.jpg</photos>
        <photos>http://i2.cdn.turner.com/cnn/dam/assets/141003154806-hong-kong-clashes-video-tease.jpg</photos>
        <photos>http://i2.cdn.turner.com/cnn/dam/assets/141002161554-china-soldier-hk-1-video-tease.jpg</photos>
        <photos>http://i2.cdn.turner.com/cnn/dam/assets/141001200450-hong-kong-tear-gas-video-tease.jpg</photos>
        <photos>http://i2.cdn.turner.com/cnn/dam/assets/141001224654-pkg-mckenzie-china-hk-portest-xi-next-move-00001117-video-tease.jpg</photos>
        <photos>http://i2.cdn.turner.com/cnn/dam/assets/140928163233-hong-kong-protests-sept-28-05-video-tease.jpg</photos>
        <photos>http://i2.cdn.turner.com/cnn/dam/assets/140927233751-hong-kong-leung-video-tease.jpg</photos>
        <photos>http://i2.cdn.turner.com/cnn/dam/assets/140929173816-hk-two-systems-graphic-video-tease.jpg</photos>
        <photos>http://i2.cdn.turner.com/cnn/dam/assets/140929104244-hong-kong-monday-2-video-tease.jpg</photos>
        <photos>http://i2.cdn.turner.com/cnn/dam/assets/140922085548-hong-kong-youth-joshua-wong-video-tease.jpg</photos>
    </news>
    <news newsid="63744747">
        <title>Death toll climbs as Nepal rescuers search for missing hikers in Himalayas</title>
        <url>/2014/10/16/world/asia/nepal-snowstorm/index.html?hpt=wo_c2</url>
        <highlights>NEW: 27 bodies have now been found, regional administrator says</highlights>
        <highlights>NEW: Another 226 people have been rescued from mountainous areas since Tuesday</highlights>
        <highlights>NEW: Three people are confirmed missing, but others appear to be unaccounted for</highlights>
        <highlights>NEW: Those killed include Israelis, Canadians, Poles, Slovaks and Nepalis</highlights>
        <date>2014-10-16T15:35:00.000+01:00</date>
        <author>By Manesh Shrestha and Laura Smith-Spark, CNN</author>
        <content>&lt;p&gt;Kathmandu, Nepal (CNN) -- The grim search for missing hikers and bodies buried under snow continued Thursday against the dramatic backdrop of Nepal's Himalayas, as officials confirmed that at least 27 people had died in an exceptionally heavy snowfall.&lt;/p&gt;&lt;p&gt;Rescue crews combed the high altitude paths and passes of the popular Annapurna region as well as the neighboring Manang district for missing trekkers.&lt;/p&gt;&lt;p&gt;Nine stranded Israeli tourists were rescued Thursday, as well as three Canadians and four Indians who were pulled to safety, according to the Trekking Agencies' Association of Nepal.&lt;/p&gt;&lt;p&gt;The trekkers' group said it deployed helicopters to rescue hikers stranded by snow, floodwaters and avalanches unleashed along the popular Himalayan trekking trails by heavy snow Tuesday.&lt;/p&gt;&lt;p&gt;Regional administrator Dinesh Kumar Thapaliya told CNN that 14 trekkers were now known to have died near the iconic 5,416-meter (17,770-foot) Thorung La Pass in Mustang district, the highest point of the popular 21-day Annapurna Circuit trek.&lt;/p&gt;&lt;p&gt;The bodies recovered so far include Israelis, Nepalis and Poles, he said. Three remain buried under snow.&lt;/p&gt;&lt;p&gt;Even as the total death toll climbed from the 17 reported Wednesday, Thapaliya warned that there are chances of finding more people dead or lost around the pass.&lt;/p&gt;&lt;p&gt;A Nepal army team made it up to 16,000 feet -- still short of the pass -- on Thursday on the side of the mountain where the 14 bodies were found. But more could be found in the final 1,800 feet of ascent, officials fear.&lt;/p&gt;&lt;p&gt;'This is the dangerous part'&lt;/p&gt;&lt;p&gt;At the same time, there has been no search at all yet on the other side of the pass, which falls in Manang district, Thapaliya said.&lt;/p&gt;&lt;p&gt;Friday's search efforts will be concentrated there. "This is the dangerous part," he said.&lt;/p&gt;&lt;p&gt;There has been no contact with the remote area even by phone, he said.&lt;/p&gt;&lt;p&gt;One Israeli was rescued from near the pass Thursday, having been stuck since Tuesday.&lt;/p&gt;&lt;p&gt;Three trekkers have been confirmed as missing, two of them Indian and one Japanese.&lt;/p&gt;&lt;p&gt;However, government records suggest another dozen may be missing after taking into account the 14 confirmed dead so far below Thorung La Pass.&lt;/p&gt;&lt;p&gt;The chief district officer of Mustang district, Baburam Bhandari, said that on Monday and Tuesday, 346 trekkers had left for the pass and 320 of them had crossed -- leaving 26 people unaccounted for.&lt;/p&gt;&lt;p&gt;The pass is not the only area to see deaths due to the unseasonably heavy snow.&lt;/p&gt;&lt;p&gt;The bodies of another five trekkers, four Canadians and an Indian, were found in Manang district, Thapaliya said. Three Nepali farmers were also killed.&lt;/p&gt;&lt;p&gt;Further west, five mountaineers -- two Slovaks and three Nepalis -- lost their lives in an avalanche Tuesday night near Nepal's seventh highest peak, Mount Dhaulagiri, officials said.&lt;/p&gt;&lt;p&gt;Altogether, 226 people have now been rescued, Thapaliya said, more than half of them from Manang district.&lt;/p&gt;&lt;p&gt;'There was no visibility'&lt;/p&gt;&lt;p&gt;Those who manage the steep ascent at energy-sapping high altitude to the Thorung La Pass are normally rewarded with breathtaking panoramic views.&lt;/p&gt;&lt;p&gt;But on Tuesday morning everything changed.&lt;/p&gt;&lt;p&gt;Trekkers spend the night at local camps on either side of the mountain before they set out, sometimes as early as 4 a.m., to make the crossing, said Bidur Kuikel of Annapurna Conservation Area project.&lt;/p&gt;&lt;p&gt;"On Tuesday heavy snowfall began at about 8 a.m.," he said. "There was no visibility beyond three meters."&lt;/p&gt;&lt;p&gt;Since the tracks were covered by snow, people could have fallen down or become lost, he said. Those traveling on their own rather than in organized groups are usually most likely to lose their way, he said.&lt;/p&gt;&lt;p&gt;As anxious families wait for news, army and police personnel continued to search the area below the Thorung La Pass in Mustang district on Thursday, Bhandari said.&lt;/p&gt;&lt;p&gt;A Facebook page, Annapurna Nepal Avalanche and Blizzard Info Share, has been set up to try to connect worried relatives with those in Nepal. Some trekkers who have made it down from the remote pass have posted updates to help others.&lt;/p&gt;&lt;p&gt;One, Virginia Schwartz, wrote: "Thank you to everyone for all the kind words and prayers, we are safe. We are trekking out of the avalanche danger zone and heading back down along the circuit."&lt;/p&gt;&lt;p&gt;Another, Nic Brdo from Perth in Western Australia, wrote: "I've just got out of base camp evac'd by heli and would advise to not go up. Flying to Pokhara the amount of snow in the pass (was) astounding."&lt;/p&gt;&lt;p&gt;'Trekking is adventurous'&lt;/p&gt;&lt;p&gt;This is already one of the deadliest such tragedies in the history of Nepal, a nation of about 26 million known worldwide for its spectacular mountain ranges, including Mount Everest.&lt;/p&gt;&lt;p&gt;Annapurna is far and away the most popular of its trekking areas, with some 90,000 trekking there in 2013, according to Narendra Lama, tourism officer of Annapurna Area Conservation Project.&lt;/p&gt;&lt;p&gt;"There have been incidents of trekkers being killed in snowstorms, landslides and avalanches in the past but not as many as this year," Lama said.&lt;/p&gt;&lt;p&gt;"But I do not think that this disaster will have a big impact since it is a natural disaster and not about a security situation," he said. "Trekking is adventurous in nature after all."&lt;/p&gt;&lt;p&gt;October is the best month of the year to do the Annapurna Circuit trek, meaning more visitors than usual may have been in the area when unusually heavy snow caused by Cyclone Hudhud in eastern India came down Monday and Tuesday.&lt;/p&gt;&lt;p&gt;Last year, about 20,000 foreign trekkers crossed the Thorung La Pass, almost 6,000 of them in October, according to Annapurna Conservation Area statistics.&lt;/p&gt;&lt;p&gt;Many remote Nepali communities rely on foreign trekkers and mountaineers for income and employment, meaning a drop in visitors could hit local people hard.&lt;/p&gt;&lt;p&gt;READ: Survivor recalls how ice tumbled down in Mount Everest avalanche&lt;/p&gt;&lt;p&gt;The deaths come only six months after tragedy last struck Nepal, on the slopes of Mount Everest.&lt;/p&gt;&lt;p&gt;Then, a bruising avalanche of ice swept 16 Sherpas to their deaths. After the accident, which came right before the peak season in May, many Sherpas refused to climb and at least six companies that lead Everest expeditions called off their 2014 climbs.&lt;/p&gt;&lt;p&gt;CNN's Manesh Shrestha reported from Kathmandu, with Laura Smith-Spark reporting and writing in London. CNN's Brian Walker also contributed to this report.&lt;/p&gt;</content>
        <photos>http://i2.cdn.turner.com/cnn/dam/assets/141015154331-nepal-trekkers-killed-story-body.jpg</photos>
        <photos>http://i2.cdn.turner.com/cnn/dam/assets/140523012721-vo-john-all-himalayan-climber-survivor-00010403-story-body.jpg</photos>
        <photos>http://i2.cdn.turner.com/cnn/dam/assets/130429155705-mount-everest-file-story-body.jpg</photos>
        <photos>http://i2.cdn.turner.com/cnn/dam/assets/140624233505-pkg-udas-freedom-project-nepal-00002706-story-body.jpg</photos>
        <photos>http://i2.cdn.turner.com/cnn/dam/assets/121109041309-02-malala-1109-video-tease.jpg</photos>
        <photos>http://i2.cdn.turner.com/cnn/dam/assets/141014134732-abbott-putin-shirtless-split-video-tease.png</photos>
        <photos>http://i2.cdn.turner.com/cnn/dam/assets/141014221903-albania-video-tease.jpg</photos>
        <photos>http://i2.cdn.turner.com/cnn/dam/assets/140928140438-clooney-alamuddin-boat-video-tease.jpg</photos>
        <photos>http://i2.cdn.turner.com/cnn/dam/assets/141013134802-01-air-force-x-37b-video-tease.jpg</photos>
        <photos>http://i2.cdn.turner.com/cnn/dam/assets/141013192219-pkg-damon-syria-kobani-battle-00004807-video-tease.jpg</photos>
        <photos>http://i2.cdn.turner.com/cnn/dam/assets/141013211231-ac-sot-griffin-ebola-waste-disposal-00000809-video-tease.jpg</photos>
        <photos>http://i2.cdn.turner.com/cnn/dam/assets/141008132055-squibb-hk-video-tease.jpg</photos>
        <photos>http://i2.cdn.turner.com/cnn/dam/assets/141007101559-isis-marching-video-tease.jpg</photos>
        <photos>http://i2.cdn.turner.com/cnn/dam/assets/141010164818-antikythera-treasure-2014-finds-video-tease.jpg</photos>
        <photos>http://i2.cdn.turner.com/cnn/dam/assets/141008153840-hong-kong-umbrella-man-video-tease.jpg</photos>
        <photos>http://i2.cdn.turner.com/cnn/dam/assets/140910170757-defining-moments-supermoon-seville-video-tease.jpg</photos>
        <photos>http://i2.cdn.turner.com/cnn/dam/assets/140114192625-wesley-chapel-sunset-scenes-from-the-field-video-tease.jpg</photos>
    </news>
    <news newsid="63749645">
        <title>Albanian prime minister's brother 'disgusted' by drone allegations</title>
        <url>/2014/10/15/sport/football/albania-prime-minister-brother/index.html?hpt=wo_c2</url>
        <highlights>Prime minister of Albania's brother hits back at allegations</highlights>
        <highlights>Serbian official told CNN that drone was controlled by Olsi Rama</highlights>
        <highlights>Serbia vs. Albania game abandoned after 41 minutes</highlights>
        <highlights>Flag flown over stadium by drone sparked chaos</highlights>
        <date>2014-10-15T17:08:00.000+01:00</date>
        <author></author>
        <content>&lt;p&gt;Follow us at @WorldSportCNN and like us on Facebook&lt;/p&gt;&lt;p&gt;(CNN) -- It's a plot twist that even a thriller writer might have struggled to come up with during Serbia's European qualifying clash with Albania in Belgrade.&lt;/p&gt;&lt;p&gt;A drone flying a flag depicting the "Greater Albania" over a major international soccer game Tuesday was the subject of a 'whodunnit' mystery after the brother of the Albanian prime minister hit back at allegations by a Serbian government official that he had been piloting the quadcopter.&lt;/p&gt;&lt;p&gt;"I am very disgusted by the allegation of my having any involvement in the piloting of the drone," Olsi Rama told CNN Wednesday, who said he had been taking pictures of the game from a VIP suite at the stadium.&lt;/p&gt;&lt;p&gt;As a football match mushroomed into a diplomatic incident amid claim and counter-claim in a region of a world that is still riven by ethnic divisions, his version of events conflicted with Serbia's version of events.&lt;/p&gt;&lt;p&gt;"According to the information from the police he (Olsi Rama) was in possession of the navigator," said a Serbian official as the country's football federation labeled the drone flight a "terrorist action planned in advance."&lt;/p&gt;&lt;p&gt;UEFA has confirmed that disciplinary proceedings have been opened against both teams.&lt;/p&gt;&lt;p&gt;The game was abandoned after 41 minutes with players clashing after the flag was taken down by a Serbian player.&lt;/p&gt;&lt;p&gt;Rama insisted the police's actions were part of a Serbian "plot," after discovering he was the Albanian prime minister's brother.&lt;/p&gt;&lt;p&gt;"There were 50 or so Albanian guys who can say I didn't have the controller-- they searched everyone."&lt;/p&gt;&lt;p&gt;The Serbian prime minister's office also stated that Rama was arrested and sent home to Albania, a claim denied by the Albanian government's spokesman.&lt;/p&gt;&lt;p&gt;"There is no proof whatsoever and Olsi Rama was never arrested in Belgrade," Endri Fuga, communications director for the prime minister of Albania told CNN.&lt;/p&gt;&lt;p&gt;"He has nothing to do with the drone."&lt;/p&gt;&lt;p&gt;The contest, played at Partizan's stadium in Belgrade, was abandoned near the end of the first half following ugly scenes involving fans and players.&lt;/p&gt;&lt;p&gt;"When you have 32,000 people shouting kill, kill, kill Albanians, it's living in another dimension," said Rama.&lt;/p&gt;&lt;p&gt;Albanian players ran from the field, while a number of missiles and flares were thrown from the stands by some home supporters. Images from photo agencies showed fans had invaded the pitch.&lt;/p&gt;&lt;p&gt;"What happened last night in Belgrade is truly sad," Fuga told CNN.&lt;/p&gt;&lt;p&gt;"The Albanian government firmly condemns the despicable expressions of racism and violence against the Albanian National team players.&lt;/p&gt;&lt;p&gt;"We put all of our trust in UEFA to conduct a fair investigation which sheds light on the truth of all that happened in the Belgrade Stadium, from the start of our national anthem to the very last moment that our squad left the stadium," added Fuga referring to European football's governing body.&lt;/p&gt;&lt;p&gt;"Football should never be mixed with politics and state politics cannot be driven by what happens in a football match."&lt;/p&gt;&lt;p&gt;Fuga believes the scenes witnessed in the Serbian capital offer "further proof that the ghosts of the past" that still haunt the Balkans.&lt;/p&gt;&lt;p&gt;"The false story that the Albanian prime minister's brother instigated the showdown of violence by launching a drone carrying a flag over the stadium, is a testament to the presence of harmful elements that wish to keep this region mired in the past," said Fuga, who explained Rama was one of a few dozen Albanians who attended the game with valid tickets provided by the country's football association.&lt;/p&gt;&lt;p&gt;He says that the group were searched by police but not found to be carrying anything.&lt;/p&gt;&lt;p&gt;"The Albanian Prime Minister remains firmly committed to fostering this new, historical chapter of peace and cooperation," said Fuga.&lt;/p&gt;&lt;p&gt;"He will do all in his power to ensure it will not be closed by hatreds such as those which cast such a negative shadow on the football game."&lt;/p&gt;&lt;p&gt;Rama says that he was moved from the VIP box for security reasons and informed the authorities that he held American citizenship before being given a police escort to waiting buses.&lt;/p&gt;&lt;p&gt;"I tried with my broken Serbian to understand what was happening, but they said this is orders," he added.&lt;/p&gt;&lt;p&gt;"I had no involvement in the drone. When the banner came up we had no idea, we thought some Serbians set it up."&lt;/p&gt;&lt;p&gt;Prime Minister Rama is scheduled to arrive in Belgrade in the next few days -- the first such visit by an Albanian leader in 68 years.&lt;/p&gt;&lt;p&gt;In a statement on its website, UEFA said that the match "was abandoned and the circumstances will be reported to the UEFA Control, Ethics and Disciplinary Body."&lt;/p&gt;&lt;p&gt;UEFA spokesperson Pedro Pinto told CNN an announcement on sanctions against both countries are expected to be made within a week.&lt;/p&gt;&lt;p&gt;Albania's first visit to Belgrade since 1967 was expected to be a tense occasion, though the events of Tuesday evening appeared to catch security authorities by surprise.&lt;/p&gt;&lt;p&gt;The "Greater Albania" insignia, which was attached to the drone, refers to the idea of an extended area in which all ethnic Albanians reside -- one which would include Kosovo.&lt;/p&gt;&lt;p&gt;The two illustrated figures on the flag were Isa Boletini, an Albanian nationalist who led uprisings against the Serbs and Ottomans in 1912 and 1913, while the other, Ismail Qemali, is considered to be the founder of the modern Albanian state, which became independent in 1912.&lt;/p&gt;&lt;p&gt;The word "Autochthonous," which refers to an indigenous inhabitant of a place, was emblazoned at the bottom of the flag and is considered an offense to Serbians.&lt;/p&gt;&lt;p&gt;When Serbian player Stefan Mitrovic ripped the flag down, it provided the catalyst for an already combustible tie to fully ignite.&lt;/p&gt;&lt;p&gt;Albanian players ran from the field, while a number of missiles and flares were thrown from the stands by some home supporters. Images from photo agencies showed fans had invaded the pitch.&lt;/p&gt;&lt;p&gt;Martin Atkinson, the English referee, took the players off the field with the game goalless.&lt;/p&gt;&lt;p&gt;"What happened is something we can't comprehend at the moment," Serbia captain Branislav Ivanovic told reporters following the abandonment.&lt;/p&gt;&lt;p&gt;"On behalf of my team, all I can say is that we wanted to carry on and that we shielded the Albanian players every step of the way to the tunnel (after the riot broke out).&lt;/p&gt;&lt;p&gt;"The Albanian team said they were unfit physically and mentally to carry on after talking to the officials and they will now decide the fate of this match.&lt;/p&gt;&lt;p&gt;"We can only regret that football took a back seat but it is difficult to draw any conclusions or make any comments now."&lt;/p&gt;&lt;p&gt;Security had been tight in the lead up to the contest in Belgrade with away fans prevented from attending amidst heightening tensions over Kosovo -- a majority-Albanian former Serbian province which declared independence in 2008.&lt;/p&gt;&lt;p&gt;In 1999, a 78-day air war was launched by NATO to stop the killing off ethnic Albanians in Kosovo by Serbian forces.&lt;/p&gt;&lt;p&gt;Kosovo's independence is recognized by many countries including the United States, the United Kingdom, Germany and France -- but not Serbia.&lt;/p&gt;&lt;p&gt;Four of Albania's starting lineup were born in Kosovo, with Lorik Cana of Italian club Lazio, goalkeeper Etrit Berisha, midfielder Burim Kukeli and Ermir Lenjani.&lt;/p&gt;&lt;p&gt;With Kosovo not recognized as a state by the United Nations, it is unable to join FIFA or UEFA, meaning some of its players have adopted other countries.&lt;/p&gt;&lt;p&gt;Xherdan Shaqiri, who plays his club football with Bayern Munich, represents Switzerland as does Valon Behrami and Granit Xhaka.&lt;/p&gt;&lt;p&gt;While Kosovo is able to play friendly matches, the team cannot compete in international competition.&lt;/p&gt;&lt;p&gt;Belgium-born Adnan Januzaj, one of the most exciting talents in the English Premier League with Manchester United, turned down the opportunity to play for Kosovo, where his father is from. He was also eligible for Albania through his mother's lineage.&lt;/p&gt;&lt;p&gt;"We came to Belgrade to play football, but we were physically attacked by the Serbian supporters," Cana told reporters on Tuesday.&lt;/p&gt;&lt;p&gt;"We just wanted to take the flag, and everything would be under control if the stadium security at the stadium had prevented the supporters from attacking our players.&lt;/p&gt;&lt;p&gt;"I was defending my teammate, I have injuries to my face, as does Taulant Xhaka. They asked us to play in front of empty stands (instead of abandonment) -- however, we did not feel good because of our injuries."&lt;/p&gt;&lt;p&gt;The two countries must now wait for UEFA to make a decision on whether the game should be replayed. and what punishments are handed out.&lt;/p&gt;&lt;p&gt;"It is a regretful situation on which we will report; the referee, myself and the security adviser. The circumstances were such that we couldn't continue the match," UEFA's match delegate, Harry Been told reporters.&lt;/p&gt;&lt;p&gt;"You all saw what happened and I cannot comment on who is to blame or what to blame. I will submit a report with my colleagues to UEFA and UEFA will decide what will happen further."&lt;/p&gt;&lt;p&gt;&lt;/p&gt;</content>
        <photos>http://i2.cdn.turner.com/cnn/dam/assets/141014212911-albania-flag-horizontal-gallery.jpg</photos>
        <photos>http://i2.cdn.turner.com/cnn/dam/assets/141014222855-drone-horizontal-gallery.jpg</photos>
        <photos>http://i2.cdn.turner.com/cnn/dam/assets/141014221903-albania-horizontal-gallery.jpg</photos>
        <photos>http://i2.cdn.turner.com/cnn/dam/assets/141014222104-albania-players-horizontal-gallery.jpg</photos>
        <photos>http://i2.cdn.turner.com/cnn/dam/assets/141014222714-albania-players-2-horizontal-gallery.jpg</photos>
        <photos>http://i2.cdn.turner.com/cnn/dam/assets/141014224248-serbia-fans-horizontal-gallery.jpg</photos>
        <photos>http://i2.cdn.turner.com/cnn/dam/assets/141015101619-serbia-albania-protest-drone-horizontal-gallery.jpg</photos>
        <photos>http://i2.cdn.turner.com/cnn/dam/assets/141015102013-riot-police-serbia-albania-horizontal-gallery.jpg</photos>
        <photos>http://i2.cdn.turner.com/cnn/dam/assets/141015102257-riot-police-serbia-horizontal-gallery.jpg</photos>
        <photos>http://i2.cdn.turner.com/cnn/dam/assets/141015102643-serbian-fans-belgrade-police-horizontal-gallery.jpg</photos>
        <photos>http://i2.cdn.turner.com/cnn/dam/assets/141014212911-albania-flag-topics.jpg</photos>
        <photos>http://i2.cdn.turner.com/cnn/dam/assets/141014222855-drone-topics.jpg</photos>
        <photos>http://i2.cdn.turner.com/cnn/dam/assets/141014221903-albania-topics.jpg</photos>
        <photos>http://i2.cdn.turner.com/cnn/dam/assets/141014222104-albania-players-topics.jpg</photos>
        <photos>http://i2.cdn.turner.com/cnn/dam/assets/141014222714-albania-players-2-topics.jpg</photos>
        <photos>http://i2.cdn.turner.com/cnn/dam/assets/141014224248-serbia-fans-topics.jpg</photos>
        <photos>http://i2.cdn.turner.com/cnn/dam/assets/141015101619-serbia-albania-protest-drone-topics.jpg</photos>
        <photos>http://i2.cdn.turner.com/cnn/dam/assets/141015102013-riot-police-serbia-albania-topics.jpg</photos>
        <photos>http://i2.cdn.turner.com/cnn/dam/assets/141015102257-riot-police-serbia-topics.jpg</photos>
        <photos>http://i2.cdn.turner.com/cnn/dam/assets/141015102643-serbian-fans-belgrade-police-topics.jpg</photos>
        <photos>http://i2.cdn.turner.com/cnn/dam/assets/141014212911-albania-flag-horizontal-gallery.jpg</photos>
        <photos>http://i2.cdn.turner.com/cnn/dam/assets/121105044441-cristiano-ronaldo-real-madrid-horizontal-gallery.jpg</photos>
        <photos>http://i2.cdn.turner.com/cnn/dam/assets/140626121500-getty-wc-cr7-portugal-fan-horizontal-gallery.jpg</photos>
        <photos>http://i2.cdn.turner.com/cnn/dam/assets/140818123216-ronaldo-tease-horizontal-gallery.jpg</photos>
        <photos>http://i2.cdn.turner.com/cnn/dam/assets/140524180942-05-champion-league-horizontal-gallery.jpg</photos>
        <photos>http://i2.cdn.turner.com/cnn/dam/assets/140224124234-football-barcelona-emblem-horizontal-gallery.jpg</photos>
        <photos>http://i2.cdn.turner.com/cnn/dam/assets/140311202539-kaka-horizontal-gallery.jpg</photos>
        <photos>http://i2.cdn.turner.com/cnn/dam/assets/140814062437-ronaldo-toes-horizontal-gallery.jpg</photos>
        <photos>http://i2.cdn.turner.com/cnn/dam/assets/140711124820-04-lebron-0711-horizontal-gallery.jpg</photos>
        <photos>http://i2.cdn.turner.com/cnn/dam/assets/121105044441-cristiano-ronaldo-real-madrid-topics.jpg</photos>
        <photos>http://i2.cdn.turner.com/cnn/dam/assets/140626121500-getty-wc-cr7-portugal-fan-topics.jpg</photos>
        <photos>http://i2.cdn.turner.com/cnn/dam/assets/140818123216-ronaldo-tease-topics.jpg</photos>
        <photos>http://i2.cdn.turner.com/cnn/dam/assets/140524180942-05-champion-league-topics.jpg</photos>
        <photos>http://i2.cdn.turner.com/cnn/dam/assets/140224124234-football-barcelona-emblem-topics.jpg</photos>
        <photos>http://i2.cdn.turner.com/cnn/dam/assets/140311202539-kaka-topics.jpg</photos>
        <photos>http://i2.cdn.turner.com/cnn/dam/assets/140814062437-ronaldo-toes-topics.jpg</photos>
        <photos>http://i2.cdn.turner.com/cnn/dam/assets/140711124820-04-lebron-0711-topics.jpg</photos>
        <photos>http://i2.cdn.turner.com/cnn/dam/assets/121105044441-cristiano-ronaldo-real-madrid-horizontal-gallery.jpg</photos>
        <photos>http://i2.cdn.turner.com/cnn/dam/assets/141013170740-martin-odegaard-norway-debut-vertical-gallery.jpg</photos>
        <photos>http://i2.cdn.turner.com/cnn/dam/assets/140908152849-odegaard-celebrates-horizontal-gallery.jpg</photos>
        <photos>http://i2.cdn.turner.com/cnn/dam/assets/140908153651-odegaard-action-horizontal-gallery.jpg</photos>
        <photos>http://i2.cdn.turner.com/cnn/dam/assets/140908154913-odegaard-face-on-horizontal-gallery.jpg</photos>
        <photos>http://i2.cdn.turner.com/cnn/dam/assets/140908155127-odegaard-norway-coach-horizontal-gallery.jpg</photos>
        <photos>http://i2.cdn.turner.com/cnn/dam/assets/140908155459-odegaard-smiling-vertical-gallery.jpg</photos>
        <photos>http://i2.cdn.turner.com/cnn/dam/assets/140908160509-odegaard-norway-training-horizontal-gallery.jpg</photos>
        <photos>http://i2.cdn.turner.com/cnn/dam/assets/140908155639-odegaard-young-one-horizontal-gallery.jpg</photos>
        <photos>http://i2.cdn.turner.com/cnn/dam/assets/141013170740-martin-odegaard-norway-debut-topics.jpg</photos>
        <photos>http://i2.cdn.turner.com/cnn/dam/assets/140908152849-odegaard-celebrates-topics.jpg</photos>
        <photos>http://i2.cdn.turner.com/cnn/dam/assets/140908153651-odegaard-action-topics.jpg</photos>
        <photos>http://i2.cdn.turner.com/cnn/dam/assets/140908154913-odegaard-face-on-topics.jpg</photos>
        <photos>http://i2.cdn.turner.com/cnn/dam/assets/140908155127-odegaard-norway-coach-topics.jpg</photos>
        <photos>http://i2.cdn.turner.com/cnn/dam/assets/140908155459-odegaard-smiling-topics.jpg</photos>
        <photos>http://i2.cdn.turner.com/cnn/dam/assets/140908160509-odegaard-norway-training-topics.jpg</photos>
        <photos>http://i2.cdn.turner.com/cnn/dam/assets/140908155639-odegaard-young-one-topics.jpg</photos>
        <photos>http://i2.cdn.turner.com/cnn/dam/assets/141013170740-martin-odegaard-norway-debut-horizontal-gallery.jpg</photos>
        <photos>http://i2.cdn.turner.com/cnn/dam/assets/141010110118-pkg-kapur-indian-super-league-00005109-story-body.jpg</photos>
        <photos>http://i2.cdn.turner.com/cnn/dam/assets/141002124314-davies-intv-rio-ferdinand-racism-00002712-story-body.jpg</photos>
        <photos>http://i2.cdn.turner.com/cnn/dam/assets/140824150955-ws-algerian-footballer-killed-by-thrown-object-00002704-story-body.jpg</photos>
        <photos>http://i2.cdn.turner.com/cnn/dam/assets/141009140209-roma-fans-horizontal-gallery.jpg</photos>
        <photos>http://i2.cdn.turner.com/cnn/dam/assets/141009155002-james-pallotta-horizontal-gallery.jpg</photos>
        <photos>http://i2.cdn.turner.com/cnn/dam/assets/141009155225-roma-stadium-plan-horizontal-gallery.jpg</photos>
        <photos>http://i2.cdn.turner.com/cnn/dam/assets/141009160111-rudi-garcia-horizontal-gallery.jpg</photos>
        <photos>http://i2.cdn.turner.com/cnn/dam/assets/141009155603-francesco-totti-vertical-gallery.jpg</photos>
        <photos>http://i2.cdn.turner.com/cnn/dam/assets/141009161253-francesco-totti-2001-horizontal-gallery.jpg</photos>
        <photos>http://i2.cdn.turner.com/cnn/dam/assets/141009140209-roma-fans-topics.jpg</photos>
        <photos>http://i2.cdn.turner.com/cnn/dam/assets/141009155002-james-pallotta-topics.jpg</photos>
        <photos>http://i2.cdn.turner.com/cnn/dam/assets/141009155225-roma-stadium-plan-topics.jpg</photos>
        <photos>http://i2.cdn.turner.com/cnn/dam/assets/141009160111-rudi-garcia-topics.jpg</photos>
        <photos>http://i2.cdn.turner.com/cnn/dam/assets/141009155603-francesco-totti-topics.jpg</photos>
        <photos>http://i2.cdn.turner.com/cnn/dam/assets/141009161253-francesco-totti-2001-topics.jpg</photos>
        <photos>http://i2.cdn.turner.com/cnn/dam/assets/141009140209-roma-fans-horizontal-gallery.jpg</photos>
        <photos>http://i2.cdn.turner.com/cnn/dam/assets/141006110246-feuds---pietersen-and-prior-horizontal-gallery.jpg</photos>
        <photos>http://i2.cdn.turner.com/cnn/dam/assets/141006111610-feuds---roma-juventus-horizontal-gallery.jpg</photos>
        <photos>http://i2.cdn.turner.com/cnn/dam/assets/141006112611-feuds---wenger-mourinho-ii-horizontal-gallery.jpg</photos>
        <photos>http://i2.cdn.turner.com/cnn/dam/assets/141006111618-feuds---mourinho-wenger-vertical-gallery.jpg</photos>
        <photos>http://i2.cdn.turner.com/cnn/dam/assets/141002175825-mickelson-watson-vertical-gallery.jpg</photos>
        <photos>http://i2.cdn.turner.com/cnn/dam/assets/141006113632-feuds---richard-sherman-peterson-vertical-gallery.jpg</photos>
        <photos>http://i2.cdn.turner.com/cnn/dam/assets/141006110246-feuds---pietersen-and-prior-topics.jpg</photos>
        <photos>http://i2.cdn.turner.com/cnn/dam/assets/141006111610-feuds---roma-juventus-topics.jpg</photos>
        <photos>http://i2.cdn.turner.com/cnn/dam/assets/141006112611-feuds---wenger-mourinho-ii-topics.jpg</photos>
        <photos>http://i2.cdn.turner.com/cnn/dam/assets/141006111618-feuds---mourinho-wenger-topics.jpg</photos>
        <photos>http://i2.cdn.turner.com/cnn/dam/assets/141002175825-mickelson-watson-topics.jpg</photos>
        <photos>http://i2.cdn.turner.com/cnn/dam/assets/141006113632-feuds---richard-sherman-peterson-topics.jpg</photos>
        <photos>http://i2.cdn.turner.com/cnn/dam/assets/141006110246-feuds---pietersen-and-prior-horizontal-gallery.jpg</photos>
        <photos>http://i2.cdn.turner.com/cnn/dam/assets/140908202907-rooney-england-horizontal-gallery.jpg</photos>
        <photos>http://i2.cdn.turner.com/cnn/dam/assets/140619153144-20-wc-best-0619-horizontal-gallery.jpg</photos>
        <photos>http://i2.cdn.turner.com/cnn/dam/assets/140619170512-29-wc-best-0619-horizontal-gallery.jpg</photos>
        <photos>http://i2.cdn.turner.com/cnn/dam/assets/140320121522-roy-hodgson-andros-townsend-horizontal-gallery.jpg</photos>
        <photos>http://i2.cdn.turner.com/cnn/dam/assets/140924103443-liverpool-sterling-horizontal-gallery.jpg</photos>
        <photos>http://i2.cdn.turner.com/cnn/dam/assets/140814160418-jose-mourinho-epl-preview-horizontal-gallery.jpg</photos>
        <photos>http://i2.cdn.turner.com/cnn/dam/assets/141010172126-chris-powell-horizontal-gallery.jpg</photos>
        <photos>http://i2.cdn.turner.com/cnn/dam/assets/140919121459-wembley-euro-2020-tease-horizontal-gallery.jpg</photos>
        <photos>http://i2.cdn.turner.com/cnn/dam/assets/140908202907-rooney-england-topics.jpg</photos>
        <photos>http://i2.cdn.turner.com/cnn/dam/assets/140619153144-20-wc-best-0619-topics.jpg</photos>
        <photos>http://i2.cdn.turner.com/cnn/dam/assets/140619170512-29-wc-best-0619-topics.jpg</photos>
        <photos>http://i2.cdn.turner.com/cnn/dam/assets/140320121522-roy-hodgson-andros-townsend-topics.jpg</photos>
        <photos>http://i2.cdn.turner.com/cnn/dam/assets/140924103443-liverpool-sterling-topics.jpg</photos>
        <photos>http://i2.cdn.turner.com/cnn/dam/assets/140814160418-jose-mourinho-epl-preview-topics.jpg</photos>
        <photos>http://i2.cdn.turner.com/cnn/dam/assets/141010172126-chris-powell-topics.jpg</photos>
        <photos>http://i2.cdn.turner.com/cnn/dam/assets/140919121459-wembley-euro-2020-tease-topics.jpg</photos>
        <photos>http://i2.cdn.turner.com/cnn/dam/assets/140908202907-rooney-england-horizontal-gallery.jpg</photos>
        <photos>http://i2.cdn.turner.com/cnn/dam/assets/140908152849-odegaard-celebrates-video-tease.jpg</photos>
        <photos>http://i2.cdn.turner.com/cnn/dam/assets/140814160418-jose-mourinho-epl-preview-video-tease.jpg</photos>
        <photos>http://i2.cdn.turner.com/cnn/dam/assets/140808165712-suarez-appeal-video-tease.jpg</photos>
        <photos>http://i2.cdn.turner.com/cnn/dam/assets/140717163511-van-gaal-tease1-video-tease.jpg</photos>
        <photos>http://i2.cdn.turner.com/cnn/dam/assets/140711132710-suarez-barcelona-image-video-tease.jpg</photos>
        <photos>http://i2.cdn.turner.com/cnn/dam/assets/140811144313-klose-retires-video-tease.jpg</photos>
        <photos>http://i2.cdn.turner.com/cnn/dam/assets/140731095624-tuxedo-team-kit-video-tease.jpg</photos>
        <photos>http://i2.cdn.turner.com/cnn/dam/assets/140729235450-paris-saint-germain-hong-kong-fans-video-tease.jpg</photos>
        <photos>http://i2.cdn.turner.com/cnn/dam/assets/140725182228-frank-lampard---s034715601-video-tease.jpg</photos>
        <photos>http://i2.cdn.turner.com/cnn/dam/assets/140701154907-06-wc-usa-belgium-0701-video-tease.jpg</photos>
        <photos>http://i2.cdn.turner.com/cnn/dam/assets/140722175656-dunga-announcement-2-video-tease.jpg</photos>
        <photos>http://i2.cdn.turner.com/cnn/dam/assets/140721212236-rodriguez-colombia-fist-pump-video-tease.jpg</photos>
        <photos>http://i2.cdn.turner.com/cnn/dam/assets/140715114908-lahm-trophy-video-tease.jpg</photos>
    </news>
    <news newsid="63749917">
        <title>Report: United States kept secret its chemical weapons finds in Iraq</title>
        <url>/2014/10/15/us/iraq-chemical-weapons/index.html?hpt=wo_c2</url>
        <highlights>Several U.S. servicemembers were injured, says The New York Times</highlights>
        <highlights>They were reportedly given inadequate care and told not to talk about what happened</highlights>
        <highlights>"I felt more like a guinea pig than a wounded soldier," says one</highlights>
        <highlights>Pentagon spokesman: If mistakes were made, they will be corrected</highlights>
        <date>2014-10-15T22:14:00.000+01:00</date>
        <author>By Dana Ford, CNN</author>
        <content>&lt;p&gt;(CNN) -- The U.S. government suppressed information about chemical weapons it found in Iraq, and several servicemembers were injured by their exposure to those weapons, The New York Times is reporting.&lt;/p&gt;&lt;p&gt;In an article published late Tuesday, the newspaper says it found 17 American servicemembers and seven Iraqi police officers who were exposed to mustard or nerve agents after 2003. They were reportedly given inadequate care and told not to talk about what happened.&lt;/p&gt;&lt;p&gt;"From 2004 to 2011, American and American-trained Iraqi troops repeatedly encountered, and on at least six occasions were wounded by, chemical weapons remaining from years earlier in Saddam Hussein's rule.&lt;/p&gt;&lt;p&gt;"In all, American troops secretly reported finding roughly 5,000 chemical warheads, shells or aviation bombs, according to interviews with dozens of participants, Iraqi and American officials, and heavily redacted intelligence documents obtained under the Freedom of Information Act.&lt;/p&gt;&lt;p&gt;"The United States had gone to war declaring it must destroy an active weapons of mass destruction program. Instead, American troops gradually found and ultimately suffered from the remnants of long-abandoned programs, built in close collaboration with the West," the newspaper reported.&lt;/p&gt;&lt;p&gt;It quoted a former Army sergeant who suffered mustard burns in 2007 and was reportedly denied hospital treatment.&lt;/p&gt;&lt;p&gt;"I felt more like a guinea pig than a wounded soldier," he told the Times.&lt;/p&gt;&lt;p&gt;Pentagon spokesman Rear Adm. John Kirby on Wednesday addressed the allegations at a press briefing in Washington.&lt;/p&gt;&lt;p&gt;When asked whether injured U.S. servicemembers were denied treatment, or told to keep quiet, he said he couldn't speak to "what guidance or decisions their unit commanders or medical staff may have given them at the time."&lt;/p&gt;&lt;p&gt;He added: "I just don't have that level of detail. This happened a long time ago and it was on an individual basis."&lt;/p&gt;&lt;p&gt;Kirby estimated that about 20 U.S. servicemembers were exposed to material from chemical munitions, from around the mid-2000s to 2010 or 2011.&lt;/p&gt;&lt;p&gt;"The Secretary's expectation is that servicemembers and their families are going to get the care and support that they need, and if they aren't, he wants to make sure that leadership address that," Kirby said about U.S. Defense Secretary Chuck Hagel.&lt;/p&gt;&lt;p&gt;"But this is an issue for their chains of command to deal with, leadership at all levels to deal with. There's no need for -- and I don't expect that there's going to be -- a Pentagon-level review of these particular cases," Kirby said.&lt;/p&gt;&lt;p&gt;The newspaper suggested several reasons why the U.S. government might have wanted to suppress the chemical weapons finds.&lt;/p&gt;&lt;p&gt;For one, in five of the six cases in which troops were wounded by chemical agents, " the munitions appeared to have been designed in the United States, manufactured in Europe and filled in chemical agent production lines built in Iraq by Western companies," the newspaper reported.&lt;/p&gt;&lt;p&gt;For another, the weapons were old -- made before 1991 -- and therefore did not back up U.S. intelligence that at the time suggested Iraq had an active weapons of mass destruction program.&lt;/p&gt;&lt;p&gt;"In case after case, participants said, analysis of these warheads and shells reaffirmed intelligence failures. First, the American government did not find what it had been looking for at the war's outset, then it failed to prepare its troops and medical corps for the aged weapons it did find," the Times reported.&lt;/p&gt;&lt;p&gt;&lt;/p&gt;</content>
    </news>
    <news newsid="63750140">
        <title>Hurricane Gonzalo bears down on Bermuda</title>
        <url>/2014/10/16/world/americas/hurricane-gonzalo/index.html?hpt=wo_c2</url>
        <highlights>Hurricane Gonzalo is churning through the North Atlantic</highlights>
        <highlights>Wind speeds are hitting 140 mph</highlights>
        <highlights>Ana will threaten Hawaii over the weekend</highlights>
        <date>2014-10-16T12:10:00.000+01:00</date>
        <author>By Shelby Lin Erdman, CNN</author>
        <content>&lt;p&gt;(CNN) -- Watch out Bermuda, here comes Hurricane Gonzalo.&lt;/p&gt;&lt;p&gt;The powerful system strengthened to a Category 4 storm early Thursday as it churned through the North Atlantic with wind speeds of 140 miles per hour, the National Hurricane Center in Miami reported.&lt;/p&gt;&lt;p&gt;The storm is expected to brush Bermuda on Friday, but Gonzalo's path could still vary enough that officials aren't ruling out a direct hit on the island.&lt;/p&gt;&lt;p&gt;Bermuda is now under a hurricane warning. Gonzalo is expected to cause powerful, gusty winds, heavy rains of up to 6 inches and flooding as it closes in.&lt;/p&gt;&lt;p&gt;The storm hit the Virgin Islands on Monday, causing some property damage and power outages.&lt;/p&gt;&lt;p&gt;Meantime, Tropical Storm Ana in the Pacific also is on the radar.&lt;/p&gt;&lt;p&gt;The storm could reach hurricane status by this weekend, according to forecasters.&lt;/p&gt;&lt;p&gt;Ana's winds measured 60 miles per hour, under hurricane strength. It is forecast to intensify into at least a Category 1 hurricane with wind gusts up to 100 miles per hour by Friday, officials said.&lt;/p&gt;&lt;p&gt;If it stays on its current track, it will directly impact the Hawaiian Islands by this weekend into early Monday, according to the National Hurricane Center.&lt;/p&gt;&lt;p&gt;Hurricanes are a rare occurrence in Hawaii, the agency said. Only three storms have made a direct landfall on the islands in the past 55 years.&lt;/p&gt;&lt;p&gt;CNN's Taylor Ward, Steve Almasy, Dave Hennen and Christina Zdanowicz contributed to this report.&lt;/p&gt;</content>
        <photos>http://i2.cdn.turner.com/cnn/dam/assets/140704183154-orig-5-most-devastating-hurricanes-00000226-video-tease.jpg</photos>
        <photos>http://i2.cdn.turner.com/cnn/dam/assets/140601154824-cnnx-2014-atlantic-tropical-names-video-tease.jpg</photos>
        <photos>http://i2.cdn.turner.com/cnn/dam/assets/140527114114-cnnee-montero-hurricane-lowered-cat-2-00001728-video-tease.jpg</photos>
        <photos>http://i2.cdn.turner.com/cnn/dam/assets/140601145052-cnnx-atlantic-tropical-season-060114-video-tease.jpg</photos>
        <photos>http://i2.cdn.turner.com/cnn/dam/assets/140109105729-extreme-weather-rainfall-video-tease.jpg</photos>
        <photos>http://i2.cdn.turner.com/cnn/dam/assets/121113031207-09-post-sandy-1113-video-tease.jpg</photos>
        <photos>http://i2.cdn.turner.com/cnn/dam/assets/120827060017-can-opener-video-tease.jpg</photos>
        <photos>http://i2.cdn.turner.com/cnn/dam/assets/121029111906-hurricane-sandy-supplies-flashlight-video-tease.jpg</photos>
        <photos>http://i2.cdn.turner.com/cnn/dam/assets/121214095934-dr-hurricane-irpt-weather-video-tease.jpg</photos>
        <photos>http://i2.cdn.turner.com/cnn/dam/assets/131108122250-15-hurricane-isaac-noaa-video-tease.jpg</photos>
        <photos>http://i2.cdn.turner.com/cnn/dam/assets/111018044407-connected-cellphones-video-tease.jpg</photos>
        <photos>http://i2.cdn.turner.com/cnn/dam/assets/120830120132-isaac-wed-08-video-tease.jpg</photos>
    </news>
    <news newsid="63750555">
        <title>Another North Korean overture as questions remain on Kim's whereabouts</title>
        <url>/2014/10/15/world/asia/north-south-korea-meet/index.html?hpt=wo_c2</url>
        <highlights>North and South Korea hold their highest-level meeting in seven years</highlights>
        <highlights>Recent tension springs in part from propaganda balloons South activists flew over North</highlights>
        <highlights>A South Korean spokesman described the meeting as a kind of goodwill measure</highlights>
        <highlights>Meeting is latest unusual N. Korea move at a time its leader hasn't been seen</highlights>
        <date>2014-10-15T14:25:00.000+01:00</date>
        <author>By Ashley Fantz, CNN</author>
        <content>&lt;p&gt;(CNN) -- It started with balloons. But the latest strife between North and South Korea hasn't been resolved, despite a meeting between top military leaders from both countries Wednesday at the Panmunjom border site -- their highest-level talks in seven years.&lt;/p&gt;&lt;p&gt;The meeting is just the latest unusual and intriguing move North Korea has taken, heightening a growing mystery about what exactly is going on in the secretive nation.&lt;/p&gt;&lt;p&gt;The most recent battle between the uneasy neighbors springs in part from the release of balloons carrying anti-Kim Jong Un messages. Activists from South Korea set the balloons to fly over North Korea, which responded by shooting them down. Then the two sides exchanged fire.&lt;/p&gt;&lt;p&gt;At a news conference in Seoul, a spokesman for the South Korean Defense Ministry portrayed Wednesday's talks as a goodwill measure, even as both sides largely reiterated their positions.&lt;/p&gt;&lt;p&gt;"The meeting today, because there was a strong will to improve ties between the South and North, it was carried out in an earnest atmosphere," said Kim Min-seok.&lt;/p&gt;&lt;p&gt;"Because this was the first such meeting, positions from each side could not be narrowed down," Kim said, adding that there was no set date for any further meetings.&lt;/p&gt;&lt;p&gt;A missing leader and an overture to the U.N.&lt;/p&gt;&lt;p&gt;The meeting happened this week amid speculation over the whereabouts of Kim Jong Un, who hasn't been seen in public since September 3, when he attended a concert with his wife.&lt;/p&gt;&lt;p&gt;On Tuesday, North Korean state media published the first pictures of Kim in more than a month, in an apparent attempt to quash rumors that something may be awry.&lt;/p&gt;&lt;p&gt;Some wonder if his absence could mean a power shift is imminent, while others speculate that it might indicate the so-called "Dear Leader" is ill.&lt;/p&gt;&lt;p&gt;Read more: Is Jong Un still in charge?&lt;/p&gt;&lt;p&gt;KCNA reported that in the photos, Kim was seen giving "field guidance" to a newly built residential district and had visited the Natural Energy Institute of the State Academy of Sciences.&lt;/p&gt;&lt;p&gt;Perhaps also to detract from talk about Kim's whereabouts, North Korean officials made the very rare move of taking questions at the United Nations and coordinating talks about human rights with the European Union.&lt;/p&gt;&lt;p&gt;Read more: Why has North Korea decided to talk now?&lt;/p&gt;&lt;p&gt;Their overture to discuss human rights came after a U.N. Commission of Inquiry issued a report detailing abuses in North Korea that investigators said were tantamount to crimes against humanity.&lt;/p&gt;&lt;p&gt;The report said Pyongyang leaders commit murder and torture and enslave people and enact sexual violence and mass starvation against its own people to prop up the state. One women held in a prison in North Korea said she gave birth under the grimmest of conditions and when her baby wouldn't stop crying, she was beaten by a guard as punishment.&lt;/p&gt;&lt;p&gt;The woman claims, according to the report, that she was forced to hold her infant under water until it died.&lt;/p&gt;&lt;p&gt;North Korean leaders terrorize "the population into submission," according to the commission's findings. The panel said it would refer the findings to the International Criminal Court.&lt;/p&gt;&lt;p&gt;The commission also sent a letter to Kim saying that he could be prosecuted for crimes against humanity.&lt;/p&gt;&lt;p&gt;Read more: 'Abundant evidence' of North Korea crimes against humanity&lt;/p&gt;&lt;p&gt;From CNN's Madison Park in Hong Kong and KJ Kwon in Seoul, South Korea&lt;/p&gt;</content>
        <photos>http://i2.cdn.turner.com/cnn/dam/assets/141014072629-new-day-bobby-ghosh-kim-jong-un-returns-00005530-story-body.jpg</photos>
        <photos>http://i2.cdn.turner.com/cnn/dam/assets/141013200723-erin-intv-chang-north-korean-leader-seen-in-photos-00001508-video-tease.jpg</photos>
        <photos>http://i2.cdn.turner.com/cnn/dam/assets/141011014136-pkg-mckenzie-china-needs-kim-00014011-video-tease.jpg</photos>
        <photos>http://i2.cdn.turner.com/cnn/dam/assets/140101063453-lklv-penhaul-kim-jung-un-new-year-00002808-video-tease.jpg</photos>
        <photos>http://i2.cdn.turner.com/cnn/dam/assets/140901053529-north-korean-prisoners-kenneth-bae-matthew-miller-and-jeffrey-fowles-video-tease.png</photos>
        <photos>http://i2.cdn.turner.com/cnn/dam/assets/130528104932-nkorea-ski-kim-video-tease.jpeg</photos>
        <photos>http://i2.cdn.turner.com/cnn/dam/assets/140830204814-07-will-ripley-north-korea-video-tease.jpg</photos>
        <photos>http://i2.cdn.turner.com/cnn/dam/assets/140831000348-image-17-video-tease.jpg</photos>
        <photos>http://i2.cdn.turner.com/cnn/dam/assets/130325123535-north-korea-gallery-8-video-tease.jpg</photos>
        <photos>http://i2.cdn.turner.com/cnn/dam/assets/131202121054-5-north-korea-tourism---kim-statues-video-tease.jpg</photos>
        <photos>http://i2.cdn.turner.com/cnn/dam/assets/140829140902-sot-ripley-inside-north-korea-00021317-video-tease.jpg</photos>
        <photos>http://i2.cdn.turner.com/cnn/dam/assets/140817204931-cnni-hancocks-pkg-nk-religious-freedom-00004729-video-tease.jpg</photos>
        <photos>http://i2.cdn.turner.com/cnn/dam/assets/140702021715-pkg-ripley-north-korea-abductions-00013004-video-tease.jpg</photos>
        <photos>http://i2.cdn.turner.com/cnn/dam/assets/140605191908-tsr-dnt-sciutto-alliance-russia-north-korea-00011430-video-tease.jpg</photos>
        <photos>http://i2.cdn.turner.com/cnn/dam/assets/140521201126-north-korea-banned-video-tease.jpg</photos>
        <photos>http://i2.cdn.turner.com/cnn/dam/assets/140512212101-pkg-hancocks-north-korea-defector-radio-00000000-video-tease.jpg</photos>
        <photos>http://i2.cdn.turner.com/cnn/dam/assets/140508184109-aman-jang-jin-sung-2-video-tease.png</photos>
    </news>
    <news newsid="63751492">
        <title>Did a group of artists eerily predict the Ukrainian crisis?</title>
        <url>/2014/10/16/world/did-group-of-artists-predict-ukrainian-crisis/index.html?hpt=wo_c2</url>
        <highlights>The biggest-ever exhibition of Ukrainian art has opened in London</highlights>
        <highlights>Many of the artworks seem to predict the unrest of 2014</highlights>
        <highlights>Some artworks even include scenes of invasion</highlights>
        <date>2014-10-16T10:52:00.000+01:00</date>
        <author>By Jake Wallis Simons, for CNN</author>
        <content>&lt;p&gt;(CNN) -- To the outside world, the crisis in Ukraine seemed to come out of nowhere.&lt;/p&gt;&lt;p&gt;Cast your mind back to the days before everything changed. Before the revolution; before the downing of MH17; before the Russian tanks rolled into Crimea. Who could have possibly foretold how events would unravel?&lt;/p&gt;&lt;p&gt;But for a group of Ukrainian artists, the violence of 2014 was no surprise. They had been warning of the impending unrest for years -- through the medium of visual art.&lt;/p&gt;&lt;p&gt;"It really is uncanny," says Nigel Hurst, the CEO of the Saatchi Gallery in London, which is hosting a new exhibition of Ukrainian artworks.&lt;/p&gt;&lt;p&gt;"If you look at the art created in the years before the crisis, it is hard not to come to the conclusion that these artists had a sort of weird foresight. It's as if they had a crystal ball."&lt;/p&gt;&lt;p&gt;READ: 6 questions about the crisis in Ukraine&lt;/p&gt;&lt;p&gt;Predicting the future&lt;/p&gt;&lt;p&gt;The exhibition, titled Premonition: Ukrainian Art Now, is the biggest of its kind in the world, and will run until 3 November.&lt;/p&gt;&lt;p&gt;Some of the artworks will make the hair on the back of the neck of even the most cynical observer stand on end.&lt;/p&gt;&lt;p&gt;Maxim Mamzikov's 2012 painting, "Beach," shows people relaxing by the sea -- while behind them a paratrooper is landing in the surf.&lt;/p&gt;&lt;p&gt;A series of photographs called "Mother of Cities" by the artist known as Napsprom, which was created in 2005, envisages the burnt-out shell of the national museum in Kiev. Only the façade is left; the rest of the building is a charred, overgrown ruin.&lt;/p&gt;&lt;p&gt;A spine-chilling 2012 painting by Vasily Tsagolov depicts a crowd of protesters with pitchforks, running side-by-side with skeletons. It is titled "Ghost of Revolution."&lt;/p&gt;&lt;p&gt;Last but not least, Victor Sydorenko's 1996 painting envisages a scenario that is eerily similar to the events of 2014, with a group of people watching an explosion. Its name? "Invasion".&lt;/p&gt;&lt;p&gt;READ: What is Russia doing in Ukraine, and what can the West do about it?&lt;/p&gt;&lt;p&gt;Prophetic images&lt;/p&gt;&lt;p&gt;Other artworks seem to prognosticate the unrest in a more metaphorical way, conveying a palpable sense of unease, concern about the fragility of the country, and fear for the future.&lt;/p&gt;&lt;p&gt;The centerpiece of Sergey Bratkov's series of photographs called "Ukraine", for example, is a picture of a foreboding, dark cloud hanging over the landscape. It was created in 2013, a year before the unrest.&lt;/p&gt;&lt;p&gt;Pavlo Kerestey's "Kids Fighting Friend," painted in 2007, depicts one teenager stoning another while a gang of onlookers cheers him on.&lt;/p&gt;&lt;p&gt;And Mariia Kulikovska's installation "Untitled," from 2012, is comprised of a fractured section of road with smoke seeping ominously through the cracks.&lt;/p&gt;&lt;p&gt;READ: Ukraine's secret weapon&lt;/p&gt;&lt;p&gt;Hope for Ukraine&lt;/p&gt;&lt;p&gt;Yet despite these macabre images, Hurst says that the exhibition is underpinned by optimism.&lt;/p&gt;&lt;p&gt;"A good number of the works are uplifting, using bright colors and witty references to Western pop culture and Soviet iconography," he says.&lt;/p&gt;&lt;p&gt;"Overall, the exhibition teaches us a lot about warmth, openness, and resilience of the Ukrainian people, and expresses a huge hope and aspiration for their country."&lt;/p&gt;&lt;p&gt;It can only be hoped that the artists are as justified in their optimism as they were in their fears.&lt;/p&gt;&lt;p&gt;The extraordinary art of autistic 'five-year-old Monet'&lt;/p&gt;&lt;p&gt;Eye-popping street art and how it broke free of the banks&lt;/p&gt;&lt;p&gt;The moon's power over our imagination&lt;/p&gt;&lt;p&gt;&lt;/p&gt;</content>
        <photos>http://i2.cdn.turner.com/cnn/dam/assets/141007124220-ukrainian-art-maksim-mamsikov-horizontal-gallery.jpg</photos>
        <photos>http://i2.cdn.turner.com/cnn/dam/assets/141007130511-ukrainian-art-victor-sydorenko-horizontal-gallery.jpg</photos>
        <photos>http://i2.cdn.turner.com/cnn/dam/assets/141007125459-ukrainian-art-mykola-matsenko-2-horizontal-gallery.jpg</photos>
        <photos>http://i2.cdn.turner.com/cnn/dam/assets/141007123730-ukrainian-art-pavlo-kerestey-horizontal-gallery.jpg</photos>
        <photos>http://i2.cdn.turner.com/cnn/dam/assets/141007125837-ukrainian-art-sergey-bratkov-horizontal-gallery.jpg</photos>
        <photos>http://i2.cdn.turner.com/cnn/dam/assets/141007130222-ukrainian-art-vasily-tsagolov-horizontal-gallery.jpg</photos>
        <photos>http://i2.cdn.turner.com/cnn/dam/assets/141007124507-ukrainian-art-mariia-kulikovska-horizontal-gallery.jpg</photos>
        <photos>http://i2.cdn.turner.com/cnn/dam/assets/141007124825-ukrainian-art-mykola-matsenko-horizontal-gallery.jpg</photos>
        <photos>http://i2.cdn.turner.com/cnn/dam/assets/141007124220-ukrainian-art-maksim-mamsikov-topics.jpg</photos>
        <photos>http://i2.cdn.turner.com/cnn/dam/assets/141007130511-ukrainian-art-victor-sydorenko-topics.jpg</photos>
        <photos>http://i2.cdn.turner.com/cnn/dam/assets/141007125459-ukrainian-art-mykola-matsenko-2-topics.jpg</photos>
        <photos>http://i2.cdn.turner.com/cnn/dam/assets/141007123730-ukrainian-art-pavlo-kerestey-topics.jpg</photos>
        <photos>http://i2.cdn.turner.com/cnn/dam/assets/141007125837-ukrainian-art-sergey-bratkov-topics.jpg</photos>
        <photos>http://i2.cdn.turner.com/cnn/dam/assets/141007130222-ukrainian-art-vasily-tsagolov-topics.jpg</photos>
        <photos>http://i2.cdn.turner.com/cnn/dam/assets/141007124507-ukrainian-art-mariia-kulikovska-topics.jpg</photos>
        <photos>http://i2.cdn.turner.com/cnn/dam/assets/141007124825-ukrainian-art-mykola-matsenko-topics.jpg</photos>
        <photos>http://i2.cdn.turner.com/cnn/dam/assets/140919121932-pinup-4-video-tease.jpg</photos>
        <photos>http://i2.cdn.turner.com/cnn/dam/assets/141006124609-iris-grace-painting-with-cat-video-tease.jpg</photos>
        <photos>http://i2.cdn.turner.com/cnn/dam/assets/140929113407-beards-grey-video-tease.jpg</photos>
        <photos>http://i2.cdn.turner.com/cnn/dam/assets/141001155408-peter-jackson-black-chronicles-video-tease.jpg</photos>
        <photos>http://i2.cdn.turner.com/cnn/dam/assets/141002170323-world-architecture-festival-fpt-technology-building-video-tease.jpg</photos>
        <photos>http://i2.cdn.turner.com/cnn/dam/assets/141001104259-train-station-kings-cross-video-tease.jpg</photos>
        <photos>http://i2.cdn.turner.com/cnn/dam/assets/131126152944-controversial-art-8-video-tease.jpg</photos>
        <photos>http://i2.cdn.turner.com/cnn/dam/assets/140923154554-bookcover-clockwork-video-tease.jpg</photos>
        <photos>http://i2.cdn.turner.com/cnn/dam/assets/140916101239-celebrity-pool-gisele-tom-brady-video-tease.jpg</photos>
        <photos>http://i2.cdn.turner.com/cnn/dam/assets/140925102324-lego-3-video-tease.jpg</photos>
        <photos>http://i2.cdn.turner.com/cnn/dam/assets/140918115302-imagine-architecture-victor-3-video-tease.jpg</photos>
        <photos>http://i2.cdn.turner.com/cnn/dam/assets/140922153747-open-house-london-hidden-house-video-tease.jpg</photos>
    </news>
    <news newsid="63752090">
        <title>U.S. Marine charged with murder in death of transgender woman in Philippines</title>
        <url>/2014/10/15/world/asia/philippines-transgender-slaying/index.html?hpt=wo_c2</url>
        <highlights>Scott Pemberton is suspected in the death of 26-year-old Jeffrey Laude, also known as Jennifer</highlights>
        <highlights>Laude's body showed signs of strangulation</highlights>
        <highlights>Her body was found with her head in a toilet</highlights>
        <date>2014-10-15T11:03:00.000+01:00</date>
        <author>By Arlene Samson Espiritu, CNN</author>
        <content>&lt;p&gt;Manila, Philippines (CNN) -- A U.S. Marine has been charged with murder in the death of a transgender woman who was found strangled in a Philippines hotel room over the weekend.&lt;/p&gt;&lt;p&gt;Pfc. Scott Pemberton is in U.S. military custody. Prosecutors will ask for him to be turned over to Filipino authorities, said Harry Roque, the lawyer for the victim's family.&lt;/p&gt;&lt;p&gt;The victim is 26-year-old Jeffrey Laude, who is also known as Jennifer.&lt;/p&gt;&lt;p&gt;Her naked body was found with her head in a toilet in an Olongapo hotel room shortly after midnight Sunday, police said.&lt;/p&gt;&lt;p&gt;Brisbane transgender murder-suicide shocks residents&lt;/p&gt;&lt;p&gt;Witnesses told police that Pemberton was with Laude at a local disco before the two checked into a hotel Saturday night, according to documents seen by CNN.&lt;/p&gt;&lt;p&gt;"We will not accept anything less than justice," said the victim's sister Marilou Laude.&lt;/p&gt;&lt;p&gt;The Marine is assigned to 2nd Battalion, 9th Marines out of Camp Lejeune, North Carolina.&lt;/p&gt;&lt;p&gt;Three other Marines from the same unit have been identified as potential witnesses, the Marine Corps Times newspaper reported, citing an internal Navy memo on the incident. They are being held.&lt;/p&gt;&lt;p&gt;&lt;/p&gt;</content>
        <photos>http://i2.cdn.turner.com/cnn/dam/assets/141014104320-philippines-transgender-protest-story-top.jpg</photos>
        <photos>http://i2.cdn.turner.com/cnn/dam/assets/121109041309-02-malala-1109-video-tease.jpg</photos>
        <photos>http://i2.cdn.turner.com/cnn/dam/assets/141014134732-abbott-putin-shirtless-split-video-tease.png</photos>
        <photos>http://i2.cdn.turner.com/cnn/dam/assets/141014221903-albania-video-tease.jpg</photos>
        <photos>http://i2.cdn.turner.com/cnn/dam/assets/140928140438-clooney-alamuddin-boat-video-tease.jpg</photos>
        <photos>http://i2.cdn.turner.com/cnn/dam/assets/141013134802-01-air-force-x-37b-video-tease.jpg</photos>
        <photos>http://i2.cdn.turner.com/cnn/dam/assets/141013192219-pkg-damon-syria-kobani-battle-00004807-video-tease.jpg</photos>
        <photos>http://i2.cdn.turner.com/cnn/dam/assets/141013211231-ac-sot-griffin-ebola-waste-disposal-00000809-video-tease.jpg</photos>
        <photos>http://i2.cdn.turner.com/cnn/dam/assets/141008132055-squibb-hk-video-tease.jpg</photos>
        <photos>http://i2.cdn.turner.com/cnn/dam/assets/141007101559-isis-marching-video-tease.jpg</photos>
        <photos>http://i2.cdn.turner.com/cnn/dam/assets/141010164818-antikythera-treasure-2014-finds-video-tease.jpg</photos>
        <photos>http://i2.cdn.turner.com/cnn/dam/assets/141008153840-hong-kong-umbrella-man-video-tease.jpg</photos>
        <photos>http://i2.cdn.turner.com/cnn/dam/assets/140910170757-defining-moments-supermoon-seville-video-tease.jpg</photos>
        <photos>http://i2.cdn.turner.com/cnn/dam/assets/140114192625-wesley-chapel-sunset-scenes-from-the-field-video-tease.jpg</photos>
    </news>
    <news newsid="63754220">
        <title>Michael Kors and Halle Berry try to design an end to global hunger</title>
        <url>/2014/10/16/world/iyw-world-food-day/index.html?hpt=wo_c2</url>
        <highlights>Thursday is World Food Day</highlights>
        <highlights>Designer Michael Kors and Halle Berry have raised funds for 5 million meals for children</highlights>
        <highlights>U.N. World Food Programme says it provided school meals to 19.8 million kids in 2013</highlights>
        <highlights>"We want to see zero hunger in the world," Kors says</highlights>
        <date>2014-10-16T14:51:00.000+01:00</date>
        <author>By Betsy Anderson, CNN</author>
        <content>&lt;p&gt;(CNN) -- Hunger isn't glamorous, but Michael Kors and Halle Berry are using the power of fashion and Hollywood to help the U.N. World Food Programme provide meals for children around the world.&lt;/p&gt;&lt;p&gt;Thursday is World Food Day, but the celebrities are rallying support all month long to raise funds for WFP's School Meals program with the #WatchHungerStop campaign.&lt;/p&gt;&lt;p&gt;The issue of hunger has been an important one for designer Michael Kors for decades. He started his charity work in New York in the late 1980s with God's Love We Deliver, a nonprofit organization that provides nutritious meals to seriously ill people.&lt;/p&gt;&lt;p&gt;And as the Kors fashion empire grew so did the designer's mission.&lt;/p&gt;&lt;p&gt;"I think the amazing thing about the hunger initiative with the World Food Programme is that everyone has the possibility to pitch in," Kors says. "You don't have to be wealthy. You don't have to be a certain age. You don't have to live in a certain geographical area. Everyone can really contribute."&lt;/p&gt;&lt;p&gt;Kors started the #WatchHungerStop campaign with the World Food Programme in early 2013 and brought on Berry a few months later.&lt;/p&gt;&lt;p&gt;"She's a great mother, a terrific human being and a great actress. She is very glamorous also," Kors says. "She does the whole thing and makes it look effortless. We want to spread the word that anyone can make a difference."&lt;/p&gt;&lt;p&gt;As of July, #WatchHungerStop has provided 5 million meals to children, and Kors says the campaign wants to continue to "make some more noise" about hunger.&lt;/p&gt;&lt;p&gt;Movie star visits Nicaragua&lt;/p&gt;&lt;p&gt;Over the summer, Berry visited a WFP site in Nicaragua, the second-poorest nation in the Americas.&lt;/p&gt;&lt;p&gt;Children seemed to be the driving force behind Berry's journey to Central America. There, she saw firsthand how the WFP's School Meals program works in an area suffering from a failed coffee crop.&lt;/p&gt;&lt;p&gt;"It was incredibly moving,'' Berry says in an e-mail forwarded to the WFP. "It's hard to describe the mix of emotions you feel -- sadness, certainly, to sit and talk with children who don't get the nutrition they need to grow. But also respect and admiration for their families and communities, who do so much for them."&lt;/p&gt;&lt;p&gt;Berry appears to be inspired by her visit.&lt;/p&gt;&lt;p&gt;"There's a great sense of hope, because this is something that's working. And then there's joy, real joy, because these kids are full of joy," says the actress, who has two children.&lt;/p&gt;&lt;p&gt;"Halle was very humble, very quiet and really came to learn. She was visibly touched by seeing the poverty firsthand," says the WFP's Bettina Luescher, who traveled with the star to Nicaragua.&lt;/p&gt;&lt;p&gt;Making a difference with $5 and a watch&lt;/p&gt;&lt;p&gt;Kors and Berry have helped tremendously with the #WatchHungerStop campaign, according to the World Food Programme.&lt;/p&gt;&lt;p&gt;"They are so creative and have such fantastic ideas. Not only do they fund-raise ... but they have brought massive awareness in the fight against world hunger," Luescher says.&lt;/p&gt;&lt;p&gt;That creativity starts in a Michael Kors store with the 100 Series watch. For every watch sold, 100 meals are donated to the World Food Programme.&lt;/p&gt;&lt;p&gt;There's not just one way to fight hunger. Join us, wherever you are: http://t.co/G7rOIbWe1c #WatchHungerStop pic.twitter.com/KPk72QSdkJ&lt;/p&gt;&lt;p&gt;In addition to the watch, $5 is a common theme for the campaign. According to the World Food Programme, $5 feeds a child for a month. People can donate $5 at a Michael Kors store register or text MKHUNGER to 50555 to donate $5.&lt;/p&gt;&lt;p&gt;Wear it and share it&lt;/p&gt;&lt;p&gt;On Thursday, you can visit a Michael Kors store and get a free Watch Hunger Stop T-shirt. Take a selfie in the T-shirt and post it using the hashtag #WatchHungerStop between Thursday and October 31, and 100 meals will be donated to the World Food Programme.&lt;/p&gt;&lt;p&gt;The money raised by Kors and Berry goes toward providing school meals. When families in developing nations fall on hard times, children, especially girls, drop out of school to work and help out. School meals help encourage poor families to send children to school and keep them there.&lt;/p&gt;&lt;p&gt;Wear it &amp; Share it: Join @LilyAldridge, @AngelCandice and @ChrissyTeigen to #WatchHungerStop http://t.co/otJ660YaeL pic.twitter.com/allvAH0GC9&lt;/p&gt;&lt;p&gt;In 2013, WFP said it provided school meals to 19.8 million children in 63 countries.&lt;/p&gt;&lt;p&gt;Most of the money raised by the WFP goes for emergency work in places such as Syria, Iraq as well as in more than 70 other countries. The WFP also helps provide food to people in West African countries hard hit by the Ebola crisis.&lt;/p&gt;&lt;p&gt;"We want to see zero hunger in the world ... so we still have a ways to go," says Michael Kors. "I think you can be optimistic; you can have fun; you can be compassionate, and you can be chic all at the same time."&lt;/p&gt;&lt;p&gt;For ways you can join the fight against hunger for World Food Day and every day, go to CNN.com/impact.&lt;/p&gt;&lt;p&gt;&lt;/p&gt;</content>
        <photos>http://i2.cdn.turner.com/cnn/dam/assets/141015070553-iyw-halle-berry-in-nicaragua-story-top.jpg</photos>
        <photos>http://i2.cdn.turner.com/cnn/dam/assets/141015075101-iyw-michael-kors-story-body.jpg</photos>
        <photos>http://i2.cdn.turner.com/cnn/dam/assets/141015071033-iyw-halle-berry-in-nicaragua-2-story-body.jpg</photos>
        <photos>http://i2.cdn.turner.com/cnn/dam/assets/141015071533-iyw-halle-berry-in-nicaragua-3-story-body.jpg</photos>
    </news>
</ns2:topic>
